title,vendor,isbn,price_eur,link,shop,updated_at
"Детский журнал ""Фита"" №3",Nove mesto books ,N/A,13.85,https://nmbooks.shop/products/детский-журнал-фита-3,nm_books,2026-03-29
"Детский журнал ""Фита"" №2",Nove mesto books ,N/A,13.85,https://nmbooks.shop/products/детский-журнал-фита-2,nm_books,2026-03-29
"Детский журнал ""Фита"" №1",Nove mesto books ,N/A,13.85,https://nmbooks.shop/products/детский-журнал-фита-1,nm_books,2026-03-29
Виктор Пелевин. A sinistra,Эксмо,N/A,16.3,https://nmbooks.shop/products/виктор-пелевин,nm_books,2026-03-29
"Диктатор, который умер дважды: Невероятная история Антониу Салазара",Альпина Паблишер,9785961487817,13.53,https://nmbooks.shop/products/n0021,nm_books,2026-03-29
Елена Костюченко «Моя любимая страна»,Medusa project SIA,9789934239427,24.45,https://nmbooks.shop/products/n0097,nm_books,2026-03-29
Дмитрий Глуховский. Мы. Дневник падения,Vidim Books,9788097468309,27.3,https://nmbooks.shop/products/10488,nm_books,2026-03-29
Павел Казарин. Дикий Запад Восточной Европы,Vivat,9789669826893,8.15,https://nmbooks.shop/products/d10416,nm_books,2026-03-29
Натали Безмен. Доктор покупает ботинки,Друкарський двір Олега Федорова,N/A,12.22,https://nmbooks.shop/products/d10420,nm_books,2026-03-29
Анна Берсенева. Рейнское золотое,Друкарський двір Олега Федорова,N/A,13.04,https://nmbooks.shop/products/d10419,nm_books,2026-03-29
Тод Штрассер. Волна,Самокат,9785917597508,10.19,https://nmbooks.shop/products/d10544,nm_books,2026-03-29
Джонатан Литтелл и Антуан Д’Агата. «Неудобное место»,Medusa project SIA,9789934921636,30.56,https://nmbooks.shop/products/n0194,nm_books,2026-03-29
"Свен Нурдквист ""Переполох в огороде""",Белая ворона/ Albus Corvus,9785001143659,11.0,https://nmbooks.shop/products/n0219,nm_books,2026-03-29
"Свен Нурдквист ""Петсон идёт в поход""",Белая ворона/ Albus Corvus,9785001143406,11.41,https://nmbooks.shop/products/n0218,nm_books,2026-03-29
"Свен Нурдквист ""Петсон и Финдус изучают животных""",Белая ворона/ Albus Corvus,9785001143895,9.78,https://nmbooks.shop/products/n0217,nm_books,2026-03-29
"Свен Нурдквист ""Петсон грустит""",Белая ворона/ Albus Corvus,9785001143390,11.41,https://nmbooks.shop/products/n0216,nm_books,2026-03-29
"Свен Нурдквист ""Охота на лис""",Белая ворона/ Albus Corvus,9785906640079,11.0,https://nmbooks.shop/products/n0215,nm_books,2026-03-29
Андрей Зубов. История России XIX столетия (том 1),Vidim Books,9788069096059,30.56,https://nmbooks.shop/products/10487,nm_books,2026-03-29
"Владимир Сорокин ""Наследие""",Freedom Letters,9785171458034,24.45,https://nmbooks.shop/products/n0213,nm_books,2026-03-29
Джон Хейвуд: Люди Севера (плотная обложка),Альпина нон-фикшн,9785001390008,18.34,https://nmbooks.shop/products/n0018,nm_books,2026-03-29
Виктор Шендерович. Девяноска,Vidim Books,9788097468323,26.49,https://nmbooks.shop/products/n0210,nm_books,2026-03-29
"Эмманюэль Гибер, Марк Бутаван. Ариоль. Лучший в мире поросенок",Бумкнига,9785907305533,12.22,https://nmbooks.shop/products/n0209,nm_books,2026-03-29
"Андрей Макаревич ""Звонок телефона в осеннем лесу""",Бабель,9789659308309,18.34,https://nmbooks.shop/products/n0208,nm_books,2026-03-29
Люси и Стивен Хокинг: Джордж и Большой взрыв,Розовый жираф,9785437002018,20.37,https://nmbooks.shop/products/10231,nm_books,2026-03-29
"Эмманюэль Гибер, Марк Бутаван. Ариоль. Телячьи нежности",Бумкнига,9785906331632,12.22,https://nmbooks.shop/products/10483,nm_books,2026-03-29
"Эмманюэль Гибер, Марк Бутаван. Ариоль. Шевалье Мустанг",Бумкнига,9785907305656,12.22,https://nmbooks.shop/products/10538,nm_books,2026-03-29
"Эмманюэль Гибер, Марк Бутаван. Ариоль. Танцуют все",Бумкнига,9785907305625,12.22,https://nmbooks.shop/products/10537,nm_books,2026-03-29
"Эмманюэль Гибер, Марк Бутаван. Ариоль. Муха-горюха",Бумкнига,9785906331878,12.22,https://nmbooks.shop/products/10536,nm_books,2026-03-29
"Эмманюэль Гибер, Марк Бутаван. Ариоль. Господин Пес",Бумкнига,9785907305700,12.22,https://nmbooks.shop/products/10535,nm_books,2026-03-29
Даниил Туровский. Разрыв,Medusa project SIA,9789934921667,18.34,https://nmbooks.shop/products/10516,nm_books,2026-03-29
Мишель Уэльбек: Уничтожить,Corpus,9785171483302,25.26,https://nmbooks.shop/products/10413,nm_books,2026-03-29
Энн Эпплбаум: ГУЛАГ,Corpus,N/A,30.56,https://nmbooks.shop/products/10317-1,nm_books,2026-03-29
Свен Нурдквист: Рождество в домике Петсона,Белая ворона/ Albus Corvus,N/A,11.41,https://nmbooks.shop/products/10158,nm_books,2026-03-29
"Ирина Фуфаева: Как называются женщины. Феминитивы: история, устройство, конкуренция",Corpus,N/A,15.28,https://nmbooks.shop/products/10108,nm_books,2026-03-29
"Илья Барабанов, Денис Коротков. «Наш бизнес — смерть». Полная история ЧВК ""Вагнер"" и ее основателя Евгения Пригожина",Medusa project SIA,9789934921629,24.45,https://nmbooks.shop/products/10429,nm_books,2026-03-29
Григорий Родченков. Допинг. Запрещенные страницы,Medusa project SIA,9789934925504,24.45,https://nmbooks.shop/products/10510,nm_books,2026-03-29
"Евгений Торчинов ""Введение в буддизм""",АСТ,9785171587970,22.41,https://nmbooks.shop/products/d10582,nm_books,2026-03-29
"Вторая навигация, философский сборник статей альманаха",Sandermoen,9783039740352,27.5,https://nmbooks.shop/products/10444-vac1,nm_books,2026-03-29
Валерий Бочков. Харон,Друкарський двір Олега Федорова,9786178169862,12.22,https://nmbooks.shop/products/валерий-бочков-харон,nm_books,2026-03-29
"Якуб Микановски. Гудбай, Восточная Европа!",Эксмо,9785041957414,10.19,https://nmbooks.shop/products/10503,nm_books,2026-03-29
Елена Колина: Толстовский дом,АСТ,9785170884551,15.89,https://nmbooks.shop/products/10250,nm_books,2026-03-29
Вера Полозкова. Lost and Found,Vidim Books,9788069096080,20.37,https://nmbooks.shop/products/10525,nm_books,2026-03-29
"Мария Грипе ""... И белые тени в лесу""",Белая ворона/ Albus Corvus,9785001140030,14.26,https://nmbooks.shop/products/d10581,nm_books,2026-03-29
"Мария Грипе ""Тайник теней""",Белая ворона/ Albus Corvus,9785001140511,16.3,https://nmbooks.shop/products/d10580,nm_books,2026-03-29
"Мария Грипе ""Дети теней""",Белая ворона/ Albus Corvus,9785001140245,14.26,https://nmbooks.shop/products/d10579,nm_books,2026-03-29
"Мария Грипе ""Тень на каменной скамейке""",Белая ворона/ Albus Corvus,9785906640840,9.98,https://nmbooks.shop/products/d10578,nm_books,2026-03-29
"Мария Грипе ""Сесилия Агнес - Странная история""",Белая ворона/ Albus Corvus,9785906640635,9.98,https://nmbooks.shop/products/d10577,nm_books,2026-03-29
"Умберто Эко ""Маятник Фуко""",Corpus,9785170831890,32.6,https://nmbooks.shop/products/d10576,nm_books,2026-03-29
"Джим Старлин ""Танос. Откровение бесконечности""",Parallel Comics,9785604012345,24.45,https://nmbooks.shop/products/d10575,nm_books,2026-03-29
"Роберто Карнеро ""Пазолини. Умереть за идеи""",АСТ,9785171549138,21.6,https://nmbooks.shop/products/d10574,nm_books,2026-03-29
"Тилли Уолден ""Пируэт""",Бумкнига,9785906331861,21.6,https://nmbooks.shop/products/d10573,nm_books,2026-03-29
"Фредерик Питерс ""Голубые таблетки""",Бумкнига,9785906331526,14.67,https://nmbooks.shop/products/d10572,nm_books,2026-03-29
"Юрий Гуголев ""От гульбищ до капищ""",Пятая волна,9783910741287,14.67,https://nmbooks.shop/products/d10571,nm_books,2026-03-29
"Сэмюэл Мойн ""Последняя утопия. Права человека в истории""",Новое литературное обозрение (НЛО),9785444821282,20.37,https://nmbooks.shop/products/d10570,nm_books,2026-03-29
"Тодж Нейтон ""Преступный разум""",Альпина Паблишер,9785002230167,7.33,https://nmbooks.shop/products/d10569,nm_books,2026-03-29
Хрестоматия Тотального диктанта от Быкова до Яхиной,Эксмо,9785040990740,6.52,https://nmbooks.shop/products/d10568,nm_books,2026-03-29
"Тибо Дамур ""Мир по Эйнштейну. От теории относительности до теории струн:""",Альпина нон-фикшн,9785916714852,12.22,https://nmbooks.shop/products/d10567,nm_books,2026-03-29
"Эткинд ""Кривое горе""",Новое литературное обозрение (НЛО),9785444822487,15.48,https://nmbooks.shop/products/d10566,nm_books,2026-03-29
"Кен Дженнингс ""Греческие мифы""",Карьера-пресс,9785000741184,8.15,https://nmbooks.shop/products/d10565,nm_books,2026-03-29
"Иван Беляев ""Вацлав Гавел. Жизнь в истории""",Новое литературное обозрение (НЛО),9785444812068,14.67,https://nmbooks.shop/products/d10564,nm_books,2026-03-29
"Алексей Иванов ""Ненастье"" (дефект обложки)",Альпина нон-фикшн,9785002230952,12.22,https://nmbooks.shop/products/d10583,nm_books,2026-03-29
"Андрей Пионтковский ""Третий путь ... к рабству"". Том 1",ISIA,9783910741966,20.37,https://nmbooks.shop/products/d105634,nm_books,2026-03-29
"Адам Туз. ""Всемирный потоп. Великая война и переустройство мирового порядка, 1916-1931 годы""",Издательство института Гайдара,9785932555033,36.67,https://nmbooks.shop/products/d105633,nm_books,2026-03-29
"Адам Туз. ""Крах. Как десятилетие финансовых кризисов изменило мир""",Издательство института Гайдара,9785932555637,36.67,https://nmbooks.shop/products/d105632,nm_books,2026-03-29
"Б. Чухович ""Любовь, дружба, вечность Усто Мумина""",Artguide,9788090889910,32.6,https://nmbooks.shop/products/d10562,nm_books,2026-03-29
"Алексей Смирнов фон Раух ""Доска Дионисия""",Individuum,9785907696303,20.37,https://nmbooks.shop/products/d10561,nm_books,2026-03-29
Джованни Чиварди: Анатомия для Художников. Самое полное пособие по рисованию человека,Бомбора,9785040976454,22.41,https://nmbooks.shop/products/d10208,nm_books,2026-03-29
"Пришёл, увидел и убил. Как и почему римляне убивали. Эмма Саутон",Бомбора,9785041181482,13.85,https://nmbooks.shop/products/10401,nm_books,2026-03-29
"Даша Димитрова, Ольга Дергачёва. Я кабан, а вы вонючки!",Самокат,9785001674467,14.26,https://nmbooks.shop/products/10521,nm_books,2026-03-29
"Даша Димитрова. Морж как морж, ничего особенного",Самокат,9785001672081,12.63,https://nmbooks.shop/products/10522,nm_books,2026-03-29
"Иоганн-Амвросий Розенштраух ""Исторические происшествия в Москве 1812 года во время присутствия в сем городе неприятеля""",Новое литературное обозрение (НЛО),9785444802700,16.3,https://nmbooks.shop/products/d10048,nm_books,2026-03-29
Георгий Касьянов: Украина и соседи: историческая политика. 1987-2018,Новое литературное обозрение (НЛО),N/A,30.97,https://nmbooks.shop/products/10012,nm_books,2026-03-29
Вадик Королев. Снеговик,Бабель,N/A,17.11,https://nmbooks.shop/products/10498,nm_books,2026-03-29
Руту Модан. Имущество,Бумкнига,9785907305175,11.41,https://nmbooks.shop/products/d10549,nm_books,2026-03-29
Люк Перино. Нулевой пациент,Бомбора,9785041205515,0.0,https://nmbooks.shop/products/10502,nm_books,2026-03-29
Ксения Кириллова. Ошибка Эфрона,FRESH Verlag,9783000730061,10.8,https://nmbooks.shop/products/10462,nm_books,2026-03-29
Виктор Вахштайн. Техника,Европейский университет в С.-Петербурге#,9785943803369,8.96,https://nmbooks.shop/products/10540,nm_books,2026-03-29
Кобо Абэ. Женщина в песках. Чужое лицо,Амфора,9785367003116,8.15,https://nmbooks.shop/products/d10550,nm_books,2026-03-29
"Брэдли Хоуп, Джастин Шек. Нефть и Кровь",Альпина Паблишер,9785961491821,14.67,https://nmbooks.shop/products/10532,nm_books,2026-03-29
Стюарт Ричи. Наукообразная чушь,Corpus,9785171361044,19.56,https://nmbooks.shop/products/10506,nm_books,2026-03-29
Алексей Зайцев. Физика Тузика,Самокат,9785917598079,12.22,https://nmbooks.shop/products/10542,nm_books,2026-03-29
Федор Сваровский. Беспорядок в саванне,Бабель,9789659292929,12.22,https://nmbooks.shop/products/10490,nm_books,2026-03-29
Герман Лукомников. Стихи из России (2022-2023),drukarevich,9789659308385,11.41,https://nmbooks.shop/products/10432,nm_books,2026-03-29
"Пряник с трещинкой. The Cracked Gingerbread, И.Асеева (рус., англ.)",Sandermoen,9783039740185,18.34,https://nmbooks.shop/products/10453,nm_books,2026-03-29
Шарль Фердинан Рамю. Пришествие поэта,Бабель,9789659312573,16.3,https://nmbooks.shop/products/шарль-фердинан-рамю-пришествие-поэта,nm_books,2026-03-29
Борис Акунин: Москва-Синцзин,BaBook,9798990281622,24.45,https://nmbooks.shop/products/10492,nm_books,2026-03-29
Кирилл Кобрин. Пять эссе о войне и болезни,Бабель,9789659312542,10.59,https://nmbooks.shop/products/10526,nm_books,2026-03-29
Евгений Фельдман. Мечтатели против космонавтов,BaBook,9781965369289,34.63,https://nmbooks.shop/products/10518,nm_books,2026-03-29
Олег Кашин. Ничего хорошего. От начала войны до похорон Навального,ISIA,9783689590000,19.56,https://nmbooks.shop/products/d10551,nm_books,2026-03-29
Маржан Сатрапи. Вышивки,Бумкнига,9785907305007,7.33,https://nmbooks.shop/products/d10548,nm_books,2026-03-29
Стивен Уокер. Первый. Новая история Гагарина и космической гонки,Альпина нон-фикшн,9785001396642,14.67,https://nmbooks.shop/products/10507,nm_books,2026-03-29
Лев Рубинштейн. Кладбище с вайфаем,Новое литературное обозрение (НЛО),9785444812440,18.34,https://nmbooks.shop/products/d10467,nm_books,2026-03-29
Дидье Блонд. Адресная книга вымышленных литературных персонажей,Текст,9785751617523,20.37,https://nmbooks.shop/products/10482,nm_books,2026-03-29
Владимир Набоков. Бледный огонь,Corpus,9785171378349,14.26,https://nmbooks.shop/products/10533,nm_books,2026-03-29
"Мария Гельфонд: Комментарий к трилогии А. Бруштейн ""Дорога уходит в даль""",Издательский проект А и Б,9785990626188,11.82,https://nmbooks.shop/products/10268,nm_books,2026-03-29
Юлия Яковлева. Дети ворона,Самокат,9785917594446,15.48,https://nmbooks.shop/products/10481,nm_books,2026-03-29
Алки Зеи. Леопард за стеклом,Самокат,9785001675716,14.67,https://nmbooks.shop/products/d10546,nm_books,2026-03-29
Тамара Эйдельман. Тайны древних цивилизаций,АСТ,9785171516208,14.67,https://nmbooks.shop/products/d10512,nm_books,2026-03-29
Кормак Маккарти. Дорога,Азбука,9785389143852,8.15,https://nmbooks.shop/products/10517,nm_books,2026-03-29
Том Джексон: Главное в истории науки,"Манн, Иванов и Фербер",9785001957058,14.26,https://nmbooks.shop/products/d10530,nm_books,2026-03-29
Ирина Кувшинская: Воссозданный Рим,Издательство францисканцев,N/A,44.82,https://nmbooks.shop/products/10202,nm_books,2026-03-29
Лидия Чуковская: Памяти детства. Мой отец - Корней Чуковский,Волчок,N/A,16.3,https://nmbooks.shop/products/10186,nm_books,2026-03-29
Ника Дубровская: НЕ/СПРАВЕДЛИВОСТЬ,Самокат,N/A,17.11,https://nmbooks.shop/products/10137,nm_books,2026-03-29
"Антон Носик: Лытдыбр. Дневники, диалоги, проза",Редакция Елены Шубиной,N/A,40.75,https://nmbooks.shop/products/10074,nm_books,2026-03-29
Барбара Оакли: Думай как математик. Как решать любые проблемы быстрее и эффективнее,Альпина Паблишер,N/A,21.19,https://nmbooks.shop/products/10187,nm_books,2026-03-29
Марина Голубева: Главное в истории мифологии,"Манн, Иванов и Фербер",9785002140442,14.26,https://nmbooks.shop/products/ольга-и-сергей-гиляревские-главное-в-истории-медицины-copy,nm_books,2026-03-29
Джоэль Бен-Иззи: Царь-оборванец и секрет счастья,Livebook,9785907056237,11.21,https://nmbooks.shop/products/10289,nm_books,2026-03-29
Даниэль Аррас: Взгляд улитки. Описания неочевидного,Ад Маргинем (Ad Marginem),9785911035167,9.17,https://nmbooks.shop/products/10247,nm_books,2026-03-29
Ян Немец: Возможности любовного романа,Corpus,N/A,24.86,https://nmbooks.shop/products/10185,nm_books,2026-03-29
Дмитрий Галковский: Необходимо и достаточно,Циолковский,N/A,27.71,https://nmbooks.shop/products/10085,nm_books,2026-03-29
Вадим Фролов: Что к чему,Самокат,9785917596228,13.04,https://nmbooks.shop/products/10234,nm_books,2026-03-29
"Пелам Вудхаус: Дживс, вы - гений! Ваша взяла, Дживс! Фамильная честь Вустеров",АСТ,N/A,17.52,https://nmbooks.shop/products/10120,nm_books,2026-03-29
Юбер Кривин: Маленький трактат о случае и случайностях,Дискурс,9789859046896,12.22,https://nmbooks.shop/products/10245,nm_books,2026-03-29
"Джеймс Хэрриотт: О всех созданиях, мудрых и удивительных",Азбука,9785389195998,17.32,https://nmbooks.shop/products/10223,nm_books,2026-03-29
Андраш Форгач: Незакрытых дел - нет,Corpus,9785171126001,25.67,https://nmbooks.shop/products/10242,nm_books,2026-03-29
Джеймс Хэрриотт: Вечное чудо жизни,Азбука,9785389178496,17.32,https://nmbooks.shop/products/10227,nm_books,2026-03-29
Ирина Хакамада: Дао жизни. Мастер-класс от убежденного индивидуалиста,Альпина Паблишер,N/A,17.11,https://nmbooks.shop/products/10199,nm_books,2026-03-29
Джеймс Хэрриот: И всех их создал Бог,Азбука,9785389178489,17.32,https://nmbooks.shop/products/10226,nm_books,2026-03-29
Ричард Нельсон-Фрай: Бухара в Средние века,Центрполиграф,9785952452077,12.22,https://nmbooks.shop/products/10246,nm_books,2026-03-29
На сердце пали все печали. Судьбы крестьян в XX веке. Воспоминания.,Мемориал,9785990976610,10.19,https://nmbooks.shop/products/10484,nm_books,2026-03-29
Мария Степанова. Фокус,Новое издательство,9785983792715,10.19,https://nmbooks.shop/products/мария-степанова-фокус,nm_books,2026-03-29
Ирина Терпугова. Борджиа. Первая итальянская мафия,АСТ,9785171628659,12.22,https://nmbooks.shop/products/10497,nm_books,2026-03-29
"Ханна Арендт: Vita Activa, или О деятельной жизни",Ад Маргинем (Ad Marginem),N/A,34.23,https://nmbooks.shop/products/10005,nm_books,2026-03-29
"Марион Файоль ""Голый дом""",Бумкнига,9785907305670,30.56,https://nmbooks.shop/products/d10547,nm_books,2026-03-29
"Адам Михник, Алексей Навальный ""Диалоги""",Новое издательство,9785983791985,14.26,https://nmbooks.shop/products/10430,nm_books,2026-03-29
Ниал Фергюсон: Восхождение денег. Финансовая история мира,Corpus,N/A,24.45,https://nmbooks.shop/products/10343,nm_books,2026-03-29
Александр Бушковский: Рымба,Редакция Елены Шубиной,9785171150945,7.17,https://nmbooks.shop/products/10284,nm_books,2026-03-29
Мадлен Циге: В лесу никто не молчит. Как животные и растения общаются друг с другом,Дискурс,N/A,17.52,https://nmbooks.shop/products/10205,nm_books,2026-03-29
Леон Юрис. Исход,Текст,9785751616212,24.45,https://nmbooks.shop/products/d10468,nm_books,2026-03-29
Борис Акунин. Адвокат Беса,Бабель,N/A,15.48,https://nmbooks.shop/products/10433,nm_books,2026-03-29
Нил Прайс. История викингов. Дети ясеня и вяза,КоЛибри,9785389184169,18.34,https://nmbooks.shop/products/10475-4,nm_books,2026-03-29
"Андрей Бульбенко, Марта Кайдановская. Сиди и смотри",Самокат,9785001674559,9.37,https://nmbooks.shop/products/d10557,nm_books,2026-03-29
Кирстен Фукс. Свора девчонок,Самокат,9785917599410,12.22,https://nmbooks.shop/products/d10556,nm_books,2026-03-29
"Дэвид Маклеллан. Карл Маркс. Человек, изменивший мир",КоЛибри,9785389225985,29.34,https://nmbooks.shop/products/10477-6,nm_books,2026-03-29
Дональд Каган. Пелопонесская война,Альпина Паблишер,9785002231072,29.34,https://nmbooks.shop/products/10524,nm_books,2026-03-29
Дмитрий Травин. Почему Россия отстала?,Альпина Паблишер,9785006300132,14.67,https://nmbooks.shop/products/10504,nm_books,2026-03-29
Марк Доббс. Карточный домик,Эксмо,9785040945474,10.19,https://nmbooks.shop/products/d10548x,nm_books,2026-03-29
Полина Жеребцова. 45-я параллель,Sandermoen,9783039740413,22.41,https://nmbooks.shop/products/10442-vac1,nm_books,2026-03-29
Полина Жеребцова. Тонкая серебристая нить,Sandermoen,9783907131855,27.5,https://nmbooks.shop/products/10440-vac1,nm_books,2026-03-29
Полина Жеребцова. Тюкины дети,Sandermoen,9783039740444,22.41,https://nmbooks.shop/products/10443-vac1,nm_books,2026-03-29
Джин Дюпро. Город Эмбер. Побег,Махаон,9785389003200,0.0,https://nmbooks.shop/products/10511,nm_books,2026-03-29
"Рэй Монк. ""Оппенгеймер. Жизнь в  центре""",Дело,9785850063597,68.25,https://nmbooks.shop/products/d10559,nm_books,2026-03-29
Александр Тимофеевский: Я енот,Альпина Паблишер,N/A,15.48,https://nmbooks.shop/products/10211,nm_books,2026-03-29
Константин Антипов: Я свинья,Альпина Паблишер,N/A,15.48,https://nmbooks.shop/products/10213,nm_books,2026-03-29
Колосок. Украинские народные сказки,Речь,N/A,12.22,https://nmbooks.shop/products/10386,nm_books,2026-03-29
Грибова Любовь: Как вас звать-величать? Белорусские народные сказки,Речь,N/A,16.71,https://nmbooks.shop/products/10124,nm_books,2026-03-29
Алан Серр: Я имею право быть ребенком,Самокат,N/A,21.19,https://nmbooks.shop/products/10209,nm_books,2026-03-29
Борис Кузнецов: Я козел,Альпина Паблишер,N/A,15.48,https://nmbooks.shop/products/10214,nm_books,2026-03-29
Елена Коренева: Я белка,Альпина Паблишер,N/A,15.48,https://nmbooks.shop/products/10129,nm_books,2026-03-29
Евгений Клюев. Если хочешь быть красивым. Энциклопедия хотений,Самокат,9785917599755,12.63,https://nmbooks.shop/products/d10558,nm_books,2026-03-29
Джойс Оутс: Сага о Бельфлерах,Текст,N/A,41.56,https://nmbooks.shop/products/10030,nm_books,2026-03-29
Оскар Уайльд: Великан-эгоист,Текст,9785751615499,16.3,https://nmbooks.shop/products/10249,nm_books,2026-03-29
Настя Томская: Черемушки,Б.С.Г.-Пресс,9785933814078,32.6,https://nmbooks.shop/products/10229,nm_books,2026-03-29
Майя Кастелиц: Мальчик и дом,Речь,N/A,8.96,https://nmbooks.shop/products/10183,nm_books,2026-03-29
Джудит Керр: Мяули. Новые истории из жизни удивительной кошки (дефект обложки),Мелик-Пашаев,N/A,20.37,https://nmbooks.shop/products/10192,nm_books,2026-03-29
Джованни Чиварди: Рисование. Полное руководство,"Манн, Иванов и Фербер",9785000575512,22.41,https://nmbooks.shop/products/10208,nm_books,2026-03-29
"Александр Шибаев: Точка, точка, запятая",Речь,N/A,11.41,https://nmbooks.shop/products/10138,nm_books,2026-03-29
Юлия Мазурова: Зеркало Алхимика,Абраказябра,9785907423473,18.34,https://nmbooks.shop/products/10416,nm_books,2026-03-29
Юлия Мазурова: Дверь в Англию,Абраказябра,9785907423206,18.34,https://nmbooks.shop/products/10415,nm_books,2026-03-29
Ричард Рэнгем: Парадокс добродетели. Странная история взаимоотношений нравственности и насилия в эволюции человека,Corpus,N/A,31.78,https://nmbooks.shop/products/10045,nm_books,2026-03-29
Анне-Катрине Вестли: Уле-Александр переезжает,Махаон,N/A,16.71,https://nmbooks.shop/products/10080,nm_books,2026-03-29
"Лейла Слимани: Страна других. Книга вторая. Смотрите, как мы танцуем",Corpus,N/A,23.02,https://nmbooks.shop/products/10335,nm_books,2026-03-29
Евнухи в Византии. Шон Тафернер,АСТ,9785171476243,20.37,https://nmbooks.shop/products/10403,nm_books,2026-03-29
"Ниал Фергюсон, Марк Алмонд, Джон Адамсон: Виртуальная история. Альтернативы и предположения",Corpus,9785171091156,25.67,https://nmbooks.shop/products/10336,nm_books,2026-03-29
"Карин Клеман: Патриотизм снизу. «Как такое возможно, чтобы люди жили так бедно в богатой стране?»",Новое литературное обозрение (НЛО),N/A,20.37,https://nmbooks.shop/products/10026,nm_books,2026-03-29
"Окрест, Бузев, Кувалдин: Она развалилась. Повседневная история СССР и России в 1985-1999 гг.",Университет Дмитрия Пожарского,N/A,20.78,https://nmbooks.shop/products/10052,nm_books,2026-03-29
Андрей Шарый: Балканы: Окраины империй,КоЛибри,N/A,27.3,https://nmbooks.shop/products/10100,nm_books,2026-03-29
"Йозеф Паздерка: Вторжение: Взгляд из России. Чехословакия, август 1968",Новое литературное обозрение (НЛО),N/A,16.3,https://nmbooks.shop/products/10118,nm_books,2026-03-29
Олег Хлевнюк: Сталин. Жизнь одного вождя,Corpus,N/A,22.0,https://nmbooks.shop/products/10315,nm_books,2026-03-29
Сергей Плохий: Потерянное царство. Поход за имперским идеалом и сотворение русской нации (с 1470 г. до наших дней),Corpus,N/A,29.34,https://nmbooks.shop/products/10027,nm_books,2026-03-29
Катерина Гордеева: Правила ведения боя. #победитьрак,Corpus,N/A,27.71,https://nmbooks.shop/products/10106,nm_books,2026-03-29
Комитет охраны мостов. Дмитрий Захаров,Редакция Елены Шубиной,9785171528577,16.3,https://nmbooks.shop/products/10405,nm_books,2026-03-29
"Лев Гудков, Карина Пипия, Наталия Зоркая: Постсоветская молодежь. Предварительные итоги",Новое литературное обозрение (НЛО),N/A,20.37,https://nmbooks.shop/products/10380,nm_books,2026-03-29
Альфред Шклярский: Томек в стране кенгуру,Азбука,N/A,20.37,https://nmbooks.shop/products/10371,nm_books,2026-03-29
Софья Багдасарова: Омерзительное искусство. Юмор и хоррор шедевров живописи,Бомбора,N/A,21.96,https://nmbooks.shop/products/10296,nm_books,2026-03-29
Массимилиано Вирджилио: Американец,Corpus,9785171070106,15.89,https://nmbooks.shop/products/10414,nm_books,2026-03-29
"Пелам Вудхаус: На помощь, Дживс! Держим удар, Дживс!",АСТ,N/A,13.85,https://nmbooks.shop/products/10121,nm_books,2026-03-29
Стивен Фрай: Троя. Величайшее предание в пересказе,Фантом пресс,N/A,23.63,https://nmbooks.shop/products/10022,nm_books,2026-03-29
Колм Тойбин: Волшебник,Иностранка,N/A,24.45,https://nmbooks.shop/products/10314,nm_books,2026-03-29
Ральф Дарендорф: Соблазны несвободы. Интеллектуалы во времена испытаний,Новое литературное обозрение (НЛО),N/A,17.11,https://nmbooks.shop/products/10113,nm_books,2026-03-29
Павел Басинский: Лев Толстой (ЖЗЛ),Молодая гвардия,N/A,24.86,https://nmbooks.shop/products/10007,nm_books,2026-03-29
"Мэтью Гэбриэль, Дэвид Перри: Светлое Средневековье. Новый взгляд на историю Европы V-XIV веков",Питер,N/A,27.71,https://nmbooks.shop/products/10379,nm_books,2026-03-29
"Филип Боббитт: Щит Ахилла. Война, мир и ход истории. Том первый",Individuum,N/A,17.11,https://nmbooks.shop/products/10099,nm_books,2026-03-29
Аркадий Островский: Говорит и показывает Москва,Corpus,9785170933815,21.8,https://nmbooks.shop/products/10285,nm_books,2026-03-29
"Галина М. Артемьева: Предания, сказки и мифы Западных славян",Эксмо,N/A,14.67,https://nmbooks.shop/products/10104,nm_books,2026-03-29
Альфред Шклярский: Томек на Черном континенте,Азбука,N/A,21.19,https://nmbooks.shop/products/10374,nm_books,2026-03-29
Татьяна Хохрина: Дом общей свободы,Арт Волхонка,N/A,20.78,https://nmbooks.shop/products/10086,nm_books,2026-03-29
Натали Барнс: Доктор Кто. Дневник путешественника во времени,Эксмо,N/A,17.52,https://nmbooks.shop/products/10006,nm_books,2026-03-29
"Елена Смешливая, Лана Богомаз: Чему я могу научиться у Анны Ахматовой",Альпина Паблишер,N/A,14.26,https://nmbooks.shop/products/10207,nm_books,2026-03-29
Евгений Водолазкин: Брисбен,АСТ,N/A,19.15,https://nmbooks.shop/products/10065,nm_books,2026-03-29
Александр Эткинд: Природа зла. Сырье и государство,Новое литературное обозрение (НЛО),N/A,36.26,https://nmbooks.shop/products/10014,nm_books,2026-03-29
Застолье Петра Вайля,Corpus,N/A,21.8,https://nmbooks.shop/products/10317,nm_books,2026-03-29
"Фрай Макс, Бормор Петр, Горалик Линор. Русские инородные сказки-3. Антология",Амфора,5942789665,11.82,https://nmbooks.shop/products/10294,nm_books,2026-03-29
Уильям Шекспир: Комедии,Эксмо,N/A,22.41,https://nmbooks.shop/products/10097,nm_books,2026-03-29
Николас Старгардт: Мобилизованная нация. Германия 1939-1945,КоЛибри,N/A,33.41,https://nmbooks.shop/products/10369,nm_books,2026-03-29
Восьмой поверенный. Ренато Баретич,Центр книги Рудомино,9785919220916,15.48,https://nmbooks.shop/products/d10396,nm_books,2026-03-29
"Мария Швец: Главное в истории русского искусства. Ключевые работы, темы, техники, направления","Манн, Иванов и Фербер",N/A,14.26,https://nmbooks.shop/products/10117,nm_books,2026-03-29
Юрген Вольф: Школа литературного и сценарного мастерства. От замысла до результата,Альпина нон-фикшн,N/A,16.3,https://nmbooks.shop/products/10059,nm_books,2026-03-29
"Моурик, Баранникова: Перевод русского. Дневник фройляйн Мюллер - фрау Иванов",Бомбора,9785040958146,17.93,https://nmbooks.shop/products/10259,nm_books,2026-03-29
Гэри Шмидт: Пока нормально,Розовый жираф,N/A,26.08,https://nmbooks.shop/products/10067,nm_books,2026-03-29
Линор Горалик: Холодная вода Венисаны,Livebook,N/A,11.82,https://nmbooks.shop/products/10297,nm_books,2026-03-29
Дворец сновидений. Исмаиль Кадарэ,Поляндрия,9785604507711,21.19,https://nmbooks.shop/products/10400,nm_books,2026-03-29
Александр Генис: Уроки чтения. Камасутра книжника,АСТ,N/A,0.0,https://nmbooks.shop/products/d10454,nm_books,2026-03-29
Екатерина Болтунова: Последний польский король. Коронация Николая I в Варшаве в 1829 году,Новое литературное обозрение (НЛО),N/A,41.97,https://nmbooks.shop/products/10048,nm_books,2026-03-29
"Киф Радден: Ничего не говори. Северная Ирландия. Смута, закулисье, «голоса из могил»",АСТ,N/A,17.11,https://nmbooks.shop/products/10364,nm_books,2026-03-29
Лиутпранд Кремонский: Антаподосис. Книга об Оттоне. Отчет о посольстве в Константинополь,Русская Панорама,9785931653006,12.22,https://nmbooks.shop/products/10258,nm_books,2026-03-29
Роберто Боланьо: 2666,АСТ,N/A,34.63,https://nmbooks.shop/products/10310,nm_books,2026-03-29
Анне-Катрине Вестли: Уле-Александр и его друзья,Махаон,N/A,16.71,https://nmbooks.shop/products/10079,nm_books,2026-03-29
"Анне-Катрине Вестли: Папа, мама, бабушка и восемь детей в Дании",Махаон,N/A,16.71,https://nmbooks.shop/products/10081,nm_books,2026-03-29
"Анне-Катрине Вестли: Папа, мама, бабушка и восемь детей в деревне, или Маленький подарок Антона",Махаон,N/A,16.71,https://nmbooks.shop/products/10075,nm_books,2026-03-29
Анне-Катрине Вестли: Опасное путешествие Щепкина,Махаон,N/A,16.71,https://nmbooks.shop/products/10077,nm_books,2026-03-29
Масару Ибука: После трех уже поздно,Альпина нон-фикшн,N/A,15.08,https://nmbooks.shop/products/10141,nm_books,2026-03-29
Линор Горалик: Тайные ходы Венисаны,Livebook,N/A,12.63,https://nmbooks.shop/products/10300,nm_books,2026-03-29
Линор Горалик: Двойные мосты Венисаны,Livebook,N/A,12.63,https://nmbooks.shop/products/10299,nm_books,2026-03-29
Патрик Модиано: Ночная трава,Текст,9785751613044,10.59,https://nmbooks.shop/products/10243,nm_books,2026-03-29
"Дмитрий Глуховский: Метро 2033. Часть 1, 2. Графический роман",АСТ,N/A,30.56,https://nmbooks.shop/products/10173,nm_books,2026-03-29
Алексей Иванов: Тени тевтонов,Рипол классик,N/A,26.49,https://nmbooks.shop/products/10170,nm_books,2026-03-29
Пенни Уорнер: 160 развивающих игр для детей от рождения до трех лет,Альпина нон-фикшн,N/A,14.67,https://nmbooks.shop/products/10140,nm_books,2026-03-29
КГБ против Сахарова. Объект наблюдения,Corpus,N/A,41.97,https://nmbooks.shop/products/10334,nm_books,2026-03-29
Николай Заболоцкий: Картонный город: Стихи для детей,Б.С.Г.-Пресс,N/A,16.3,https://nmbooks.shop/products/10135,nm_books,2026-03-29
Владимир Сорокин: Теллурия,Corpus,N/A,22.82,https://nmbooks.shop/products/10143,nm_books,2026-03-29
Паоло Соррентино: Молодость,Corpus,N/A,13.45,https://nmbooks.shop/products/10176,nm_books,2026-03-29
Дэйв Грол: Рассказчик. Воспоминания барабанщика Nirvana и фронтмена Foo Fighters,АСТ,9785171462420,30.15,https://nmbooks.shop/products/10155,nm_books,2026-03-29
Даниил Туровский: Вторжение. Краткая история русских хакеров,Individuum,N/A,11.82,https://nmbooks.shop/products/10163,nm_books,2026-03-29
"Опра Уинфри: Воскресная мудрость. Озарения, меняющие жизнь",Эксмо,9785040916627,18.34,https://nmbooks.shop/products/10263,nm_books,2026-03-29
Пэт Баркер: Безмолвие девушек,Эксмо,N/A,17.52,https://nmbooks.shop/products/10144,nm_books,2026-03-29
Франц Кафка: Замок. Превращение. Процесс.,Иностранка,N/A,31.37,https://nmbooks.shop/products/10114,nm_books,2026-03-29
Евгений Водолазкин: Соловьев и Ларионов,АСТ,N/A,19.15,https://nmbooks.shop/products/10063,nm_books,2026-03-29
Дарюс Сталюнас: Польша или Русь? Литва в составе Российской империи,Новое литературное обозрение (НЛО),N/A,30.36,https://nmbooks.shop/products/10046,nm_books,2026-03-29
Карел Чапек: Война с саламандрами,Иностранка,N/A,20.37,https://nmbooks.shop/products/10091,nm_books,2026-03-29
Ханс Рей: Звезды. Новые очертания старых созвездий,Розовый жираф,N/A,17.72,https://nmbooks.shop/products/10178,nm_books,2026-03-29
Аркадий Бабченко: Война,Альпина нон-фикшн,9785916713459,13.85,https://nmbooks.shop/products/10271,nm_books,2026-03-29
"Шкляров, Беловранин: Мир, поставленный на паузу. Страхи, надежды и реальность эпохи коронавируса",Corpus,9785171272593,13.85,https://nmbooks.shop/products/10279,nm_books,2026-03-29
Саша Соколов: Между собакой и волком,ОГИ,9785942828059,15.89,https://nmbooks.shop/products/10269,nm_books,2026-03-29
Сергей Плохий: Забытые бастарды Восточного фронта. Американские летчики в СССР и антигитлеровские коалиции,Corpus,N/A,28.52,https://nmbooks.shop/products/10044,nm_books,2026-03-29
Юрий Коваль: Картофельная собака,Речь,N/A,18.34,https://nmbooks.shop/products/10136,nm_books,2026-03-29
Манускрипт Войнича. Сергей Зотов,АСТ,9785171021443,20.78,https://nmbooks.shop/products/10397,nm_books,2026-03-29
Стинг: Стинг. Сломанная музыка. Автобиография,Бомбора,N/A,18.74,https://nmbooks.shop/products/10388,nm_books,2026-03-29
Нина Дашевская: Квартетные сказки,Самокат,9785001673378,19.56,https://nmbooks.shop/products/d10417-1,nm_books,2026-03-29
Мария Парр: Тоня Глиммердал,Самокат,9785001673200,18.34,https://nmbooks.shop/products/10274,nm_books,2026-03-29
Храпешко. Эрмис Лафазановский,Центр книги Рудомино,9785000870167,10.59,https://nmbooks.shop/products/10391,nm_books,2026-03-29
Нэнси Коллманн: Россия и ее империя. 1450-1801,Academic Studies Press,N/A,35.86,https://nmbooks.shop/products/10372,nm_books,2026-03-29
"Лев Соболев: Комментарий к книге Л. Н. Толстого ""Война и мир""",Нестор-история,N/A,29.74,https://nmbooks.shop/products/10148,nm_books,2026-03-29
Хелен Данмор: Изменник,Аркадия,9785906986368,14.67,https://nmbooks.shop/products/10253,nm_books,2026-03-29
Франсуаза Дольто: На стороне ребенка,Рама Паблишинг,N/A,27.3,https://nmbooks.shop/products/10107,nm_books,2026-03-29
Ребекка Смит: Советы Джейн Остин. Благоразумие леди эпохи Фейсбука,Слово,N/A,24.45,https://nmbooks.shop/products/10053,nm_books,2026-03-29
Элизабет Страут:  Оливия Киттеридж,Фантом пресс,9785864718513,17.11,https://nmbooks.shop/products/10237,nm_books,2026-03-29
"Смит, Темпл: Как работает тело","Манн, Иванов и Фербер",N/A,44.01,https://nmbooks.shop/products/10193,nm_books,2026-03-29
Лена Шёберг: Крутые факты о яйцах,Самокат,N/A,13.04,https://nmbooks.shop/products/10188,nm_books,2026-03-29
Сьюзи Ходж. Мировое искусство в 100 главных шедеврах,"Манн, Иванов и Фербер",9785002141760,14.26,https://nmbooks.shop/products/10473-6,nm_books,2026-03-29
Эдвард Брук-Хитчинг: Подбрасывание лисиц. И другие забытые и опасные виды спорта,Новое литературное обозрение (НЛО),9785444818510,21.19,https://nmbooks.shop/products/10154,nm_books,2026-03-29
Юрий Коваль: Чистый Дор,Речь,N/A,15.89,https://nmbooks.shop/products/10131,nm_books,2026-03-29
Леонид Шмельков: ЫБА! Человек - фантастическая книга игр и загадок,Самокат,N/A,18.34,https://nmbooks.shop/products/10210,nm_books,2026-03-29
Джонатан Франзен: Безгрешность,Corpus,N/A,25.26,https://nmbooks.shop/products/10328,nm_books,2026-03-29
Робер Мюшембле: Цивилизация запахов. XVI - начало XIX века,Новое литературное обозрение (НЛО),N/A,21.19,https://nmbooks.shop/products/10016,nm_books,2026-03-29
Юлия Гиппенрейтер: Самая важная книга для родителей,АСТ,N/A,44.82,https://nmbooks.shop/products/10122,nm_books,2026-03-29
"Кристофер Пирсон: Просто собственность. Ее история на латинском западе. Том 1. Богатство, добродетель и право",Дело,9785850061579,31.78,https://nmbooks.shop/products/10266,nm_books,2026-03-29
Элизабет Гилберт: Город женщин,Рипол классик,N/A,16.3,https://nmbooks.shop/products/10191,nm_books,2026-03-29
Виктор Пелевин: Непобедимое Солнце,Эксмо,9785041127848,24.45,https://nmbooks.shop/products/10283,nm_books,2026-03-29
"Гейман, Харрис, Оутс: Все новые сказки",АСТ,9785171146221,13.2,https://nmbooks.shop/products/10278,nm_books,2026-03-29
Адриана Трижиани: Жена башмачника,Фантом пресс,N/A,16.71,https://nmbooks.shop/products/10190,nm_books,2026-03-29
"Элизабет Гилберт: Есть, молиться, любить",Рипол классик,N/A,24.45,https://nmbooks.shop/products/10189,nm_books,2026-03-29
Сергей Иванов: Блаженные похабы,Corpus,9785171111038,22.41,https://nmbooks.shop/products/10239,nm_books,2026-03-29
"Дюби, Бартелеми, Браунштайн: История частной жизни. Том 2. Европа от феодализма до Ренессанса.",Новое литературное обозрение (НЛО),N/A,30.56,https://nmbooks.shop/products/10001,nm_books,2026-03-29
Вильгельм Гауф: Нищенка с моста искусств,Текст,9785751615734,19.56,https://nmbooks.shop/products/10235,nm_books,2026-03-29
"Мадлен Тьен: Не говори, что у нас ничего нет",Corpus,N/A,40.34,https://nmbooks.shop/products/10109,nm_books,2026-03-29
Кормак Маккарти. Кровавый меридиан,Азбука,9785389221697,0.0,https://nmbooks.shop/products/d10466,nm_books,2026-03-29
Джейн Биркин. Дневник обезьянки. 1958-1982 (подержанная),Синдбад,9785907024738,10.19,https://nmbooks.shop/products/d10100,nm_books,2026-03-29
До февраля. Шамиль Идиатуллин,Редакция Елены Шубиной,9785171540548,19.56,https://nmbooks.shop/products/10409,nm_books,2026-03-29
Свен Нурдквист: Рождественская каша,Белая ворона/ Albus Corvus,N/A,17.93,https://nmbooks.shop/products/10160,nm_books,2026-03-29
Генрих Гофман: Степка - растрепка,Карьера-пресс,N/A,14.06,https://nmbooks.shop/products/10134,nm_books,2026-03-29
Джованни Чиварди: Фигура человека в движении. Рисуем по сеткам,Эксмо,N/A,15.48,https://nmbooks.shop/products/10127,nm_books,2026-03-29
Бенуа Тардиф: Спорторама,Самокат,N/A,26.49,https://nmbooks.shop/products/10132,nm_books,2026-03-29
"Эдвард Лир: Про то, чего не может быть",Речь,N/A,16.3,https://nmbooks.shop/products/10130,nm_books,2026-03-29
Себастьян Хафнер: Некто Гитлер. Политика преступления,ИД Ивана Лимбаха,N/A,22.41,https://nmbooks.shop/products/10009,nm_books,2026-03-29
"Олаф Кюль. Z - краткая история России, увиденная с ее конца",Vidim Books,9783000782220,16.3,https://nmbooks.shop/products/10514,nm_books,2026-03-29
Акунин-Чхартишвили: Аристономия,Захаров,9785815913431,28.52,https://nmbooks.shop/products/10373,nm_books,2026-03-29
Теему Кескисарья: Ратная дорога на Раате. Драма одного сражения Зимней войны (1939–1940),Весь мир,N/A,26.49,https://nmbooks.shop/products/10171,nm_books,2026-03-29
Тим Фланнери. Европа. Естественная история. От возникновения до настоящего и немного дальше,Бомбора,N/A,25.67,https://nmbooks.shop/products/10381,nm_books,2026-03-29
Александр Секацкий. Путеводитель по философии,Рипол классик,9785517107077,16.3,https://nmbooks.shop/products/александр-секаций-путеводитель-по-философии,nm_books,2026-03-29
Сергей Плохий: Чернобыль. История ядерной катастрофы,Новое издательство,N/A,21.19,https://nmbooks.shop/products/10298,nm_books,2026-03-29
Линор Горалик: Имени такого-то,Новое литературное обозрение (НЛО),N/A,16.71,https://nmbooks.shop/products/10034,nm_books,2026-03-29
Леонид Еленин. Кометы - странники солнечной системы,Бомбора,9785041813758,14.67,https://nmbooks.shop/products/леонид-еленин-кометы-странники-солнечной-системы,nm_books,2026-03-29
Питер Померанцев: Это не пропаганда. Хроники мировой войны с реальностью,Individuum,N/A,18.34,https://nmbooks.shop/products/10165,nm_books,2026-03-29
Ниал Фергюсон: Злой рок. Политика катастроф.,Corpus,9785171369149,27.3,https://nmbooks.shop/products/10411,nm_books,2026-03-29
Егор Гайдар. Гибель империи,Corpus,9785170896554,18.34,https://nmbooks.shop/products/10529,nm_books,2026-03-29
Татьяна Устинова: Я скунс,Альпина Паблишер,N/A,15.48,https://nmbooks.shop/products/10222,nm_books,2026-03-29
Елена Тудоровская: Троянская война и её герои. Приключения Одиссея,Речь,N/A,19.56,https://nmbooks.shop/products/10061,nm_books,2026-03-29
"Ричард Докинз ""Огарок во тьме. Моя жизнь в науке""",Corpus,9785171456542,16.3,https://nmbooks.shop/products/10494,nm_books,2026-03-29
Тамара Эйдельман. Право на жизнь. История смертной казни,Альпина Паблишер,9785001395850,20.37,https://nmbooks.shop/products/10512,nm_books,2026-03-29
Лейла Слимани: Страна других. Рождество под кипарисами,Corpus,N/A,21.19,https://nmbooks.shop/products/10326,nm_books,2026-03-29
Джонатан Франзен: Перекрестки,Corpus,N/A,26.08,https://nmbooks.shop/products/10324,nm_books,2026-03-29
"Меган Брендоу-Фаллер, Джеймс Брайан, Валентина Боретти:  Дизайн детства. Игрушки и материальная культура детства с 1700 года до наших дней",Новое литературное обозрение (НЛО),N/A,24.45,https://nmbooks.shop/products/10029,nm_books,2026-03-29
"Мика Риссанен, Юха Тахванайнен: История пива: От монастырей до спортбаров",Альпина Паблишер,N/A,19.56,https://nmbooks.shop/products/10103,nm_books,2026-03-29
Виктор Пелевин: Чапаев и Пустота,Эксмо,N/A,25.67,https://nmbooks.shop/products/10033,nm_books,2026-03-29
"Борис Беленкин. ""Мемориал"". Отнятый дом",Vidim Books,9788097468309,24.45,https://nmbooks.shop/products/борис-беленкин-мемориал-отнятый-дом,nm_books,2026-03-29
Джеймс Хэрриотт:  О всех созданиях  - больших и малых,Азбука,9785389178458,17.32,https://nmbooks.shop/products/10224,nm_books,2026-03-29
Андрей Шарый: Чешское время. Большая история маленькой страны. От святого Вацлава до Вацлава Гавела,КоЛибри,N/A,30.97,https://nmbooks.shop/products/10305,nm_books,2026-03-29
Уильям Шекспир: Ромео и Джульетта. Трагедии,Эксмо,N/A,31.37,https://nmbooks.shop/products/10096,nm_books,2026-03-29
Тамара Эйдельман. Как работает пропаганда,drukarevich,9785604072141,11.41,https://nmbooks.shop/products/10527,nm_books,2026-03-29
Юрий Фельштинский. Троцкий против Сталина. Эмигрантский архив Льва Троцкого (4 тома),ISIA,9783910741324,73.34,https://nmbooks.shop/products/юрий-фельштинский-тройкий-против-сталина-эмигрантский-архив-льва-троцкого-4-тома,nm_books,2026-03-29
Андрей Максимов: Я лев,Альпина Паблишер,N/A,15.48,https://nmbooks.shop/products/10219,nm_books,2026-03-29
Борис Грачевский: Я мартышка,Альпина Паблишер,N/A,15.48,https://nmbooks.shop/products/10220,nm_books,2026-03-29
Стас Садальский: Я английский бульдог,Альпина Паблишер,N/A,15.48,https://nmbooks.shop/products/10212,nm_books,2026-03-29
Дмитрий Быков: Я вомбат,Альпина Паблишер,N/A,15.48,https://nmbooks.shop/products/10215,nm_books,2026-03-29
Оксана Коростышевская: Я выхухоль,Альпина Паблишер,N/A,15.48,https://nmbooks.shop/products/10216,nm_books,2026-03-29
Елизавета Зорина: Я бабочка,Альпина Паблишер,N/A,15.48,https://nmbooks.shop/products/10126,nm_books,2026-03-29
"Линор Горалик ""Бобо""",Vidim Books,9788069096110,26.49,https://nmbooks.shop/products/n0108,nm_books,2026-03-29
"Владимир Сорокин ""Сказка"" (твердая обложка)",Freedom Letters,9781326417239,22.41,https://nmbooks.shop/products/n0112,nm_books,2026-03-29
"Анна Наринская ""Ничего подобного""",Бабель,9789659320431,16.3,https://nmbooks.shop/products/n0110,nm_books,2026-03-29
"Джулия Дональдсон ""Груффало""",Бумкнига,9785001910022,11.41,https://nmbooks.shop/products/n0191,nm_books,2026-03-29
"Жозе Жоржи Летриа ""Война""",Самокат,9785001673736,20.37,https://nmbooks.shop/products/n0146,nm_books,2026-03-29
"Оксана Куропаткина ""Верю — не верю. Книга-тест по религиям и философиям""",Самокат,9785001671923,14.26,https://nmbooks.shop/products/n0145,nm_books,2026-03-29
"Пак Юнсан ""Бубу и его друзья""",Бумкнига,9785907305687,14.67,https://nmbooks.shop/products/n0144,nm_books,2026-03-29
"Толоза Систере Мариона ""Тайная жизнь вирусов""",Самокат,9785001671466,18.34,https://nmbooks.shop/products/n0170,nm_books,2026-03-29
"Толоза Систере Мариона ""Тайная жизнь зубов""",Самокат,9785001676041,18.34,https://nmbooks.shop/products/n0171,nm_books,2026-03-29
"Толоза Систере Мариона ""Тайная жизнь волос""",Самокат,9785001676034,18.34,https://nmbooks.shop/products/n0172,nm_books,2026-03-29
"Толоза Систере Мариона ""Тайная жизнь пуков и отрыжки""",Самокат,9785001676041,18.34,https://nmbooks.shop/products/n0173,nm_books,2026-03-29
"Ротраут Сюзанна Бернер ""Большой словарь Городка""",Самокат,9785001677277,28.52,https://nmbooks.shop/products/n0189,nm_books,2026-03-29
"Аня и Варя Кендель, Ольга Патрушева ""Смотри! Байкал. Книга-путешествие""",Самокат,9785001674535,28.52,https://nmbooks.shop/products/n0188,nm_books,2026-03-29
"Алексей Олейников ""Горе от ума. Графический путеводитель""",Самокат,9785917599328,17.11,https://nmbooks.shop/products/n0187,nm_books,2026-03-29
"Александра Поливанова, Александра Кувшинова, Ольга Лебедева ""25 августа""",Самокат,9785001670032,12.22,https://nmbooks.shop/products/n0186,nm_books,2026-03-29
"Мария Парр ""Оскар и я""",SamTamBooks,9782940788033,16.3,https://nmbooks.shop/products/n0185,nm_books,2026-03-29
"Свен Нурдквист ""Петсон и Финдус решают кроссворд""",Белая ворона/ Albus Corvus,9785001142522,8.56,https://nmbooks.shop/products/n0184,nm_books,2026-03-29
"Свен  Нурдквист ""Петсон и Финдус на природе""",Белая ворона/ Albus Corvus,9785001143888,8.56,https://nmbooks.shop/products/n0183,nm_books,2026-03-29
"Руне Белсвик ""Простодурсен. Зима от начала до конца""",Самокат,9785001670452,17.11,https://nmbooks.shop/products/n0182,nm_books,2026-03-29
"Руне Белсвик ""Простодурсен. Лето и кое-что ещё""",Самокат,9785917594811,18.34,https://nmbooks.shop/products/n0181,nm_books,2026-03-29
"Януш Корчак ""Лето в Михалувке и в Вильгельмувке""",Самокат,9785001671152,14.26,https://nmbooks.shop/products/n0180,nm_books,2026-03-29
"Дино Буццати ""Невероятное нашествие медведей на Сицилию""",Самокат,9785917598482,16.3,https://nmbooks.shop/products/n0179,nm_books,2026-03-29
"Роальд Даль ""Чарли и шоколадная фабрика""",Самокат,9785001672319,10.19,https://nmbooks.shop/products/n0178,nm_books,2026-03-29
"Роальд Даль ""Чарли и большой стеклянный лифт""",Самокат,9785917595276,18.34,https://nmbooks.shop/products/n0177,nm_books,2026-03-29
"Джулия Дональдсон ""Улитка и кит""",Машины творения,9785001910039,11.41,https://nmbooks.shop/products/n0176,nm_books,2026-03-29
"Эрже ""Тинтин в стране Советов""",Бумкнига,9785907305649,20.37,https://nmbooks.shop/products/n0175,nm_books,2026-03-29
"Доминик Адель-Кассуто ""Тело — мой друг и враг""",Самокат,9785001675563,18.34,https://nmbooks.shop/products/n0174,nm_books,2026-03-29
"Джулия Дональдсон ""Суперчервячок""",Бумкнига,9785907022829,11.41,https://nmbooks.shop/products/n0169,nm_books,2026-03-29
"Даниэль Пеннак ""Собака пёс""",Самокат,9785001671275,18.34,https://nmbooks.shop/products/n0168,nm_books,2026-03-29
"Александр Уткин ""Сказки Гамаюн""",Бумкнига,9785907305472,20.37,https://nmbooks.shop/products/n0167,nm_books,2026-03-29
"Александр Уткин ""Сказки Гамаюн 2""",Бумкнига,9785907305489,20.37,https://nmbooks.shop/products/n0166,nm_books,2026-03-29
"Виталий Бианки ""Мышонок Пик и другие рассказы""",Белая ворона/ Albus Corvus,N/A,16.3,https://nmbooks.shop/products/n0165,nm_books,2026-03-29
"Виктор Сонькин ""Мы живём в Древнем Риме""",Пешком в историю,9785907471788,22.41,https://nmbooks.shop/products/n0162,nm_books,2026-03-29
"Евгения Суслова ""Мы живём в эпоху Петра I""",Пешком в историю,9785907471481,22.41,https://nmbooks.shop/products/n0164,nm_books,2026-03-29
"Ирина Серкова ""Мы живём в эпоху Отечественной войны 1812 года""",Пешком в историю,9785907471504,22.41,https://nmbooks.shop/products/n0163,nm_books,2026-03-29
"Дильшат Харман ""Мы живём в Древнем Новгороде""",Пешком в историю,9785907793606,22.41,https://nmbooks.shop/products/n0161,nm_books,2026-03-29
"Сергей Дмитриев ""Мы живём в Древнем Китае""",Пешком в историю,9785907471924,22.41,https://nmbooks.shop/products/n0160,nm_books,2026-03-29
"Туве Янссон ""Муми-тролль и конец света""",Бумкнига,9785907305144,11.41,https://nmbooks.shop/products/n0159,nm_books,2026-03-29
"Роальд Даль ""Матильда""",Самокат,9785001672197,17.52,https://nmbooks.shop/products/роальд-даль-матильда,nm_books,2026-03-29
"Мария Астрина ""Математика. История идей и открытий""",Пешком в историю,9785604592274,20.37,https://nmbooks.shop/products/n0157,nm_books,2026-03-29
"Бьёрн Рёрвик, Пер Дюбвиг  ""Лесной квест""",Самокат,9785001676317,18.34,https://nmbooks.shop/products/n0156,nm_books,2026-03-29
"Ульф Нильсон ""Комиссар Гордон. Ещё одно дельце""",Самокат,9785917597331,12.22,https://nmbooks.shop/products/n0155,nm_books,2026-03-29
"Александра Мизелиньская, Даниэль Мизелиньский ""Карты. Путешествие в картинках по континентам, морям и культурам мира""",Самокат,9785917598680,36.67,https://nmbooks.shop/products/n0154,nm_books,2026-03-29
"Катерина Януш ""Как я появился на свет""",Белая ворона/ Albus Corvus,9785001140801,14.26,https://nmbooks.shop/products/катерина-януш-как-я-появился-на-свет,nm_books,2026-03-29
"Даниэль Пеннак ""Как роман""",Самокат,9785001675853,14.26,https://nmbooks.shop/products/n0152,nm_books,2026-03-29
"Бьёрн Рёрвик, Пер Дюбвиг ""Как Поросёнок болел леопардозом""",Самокат,9785001671619,18.34,https://nmbooks.shop/products/n0151,nm_books,2026-03-29
"Свен Нурдквист ""История о том, как Финдус потерялся, когда был маленьким""",Белая ворона/ Albus Corvus,9785001143369,11.41,https://nmbooks.shop/products/n0150,nm_books,2026-03-29
"Елена Лестр ""Драконы великие и ужасные"" (новое издание)",Арка,9785912084904,24.45,https://nmbooks.shop/products/n0149,nm_books,2026-03-29
"Свен Нурдквист ""Дорога домой""",Белая ворона/ Albus Corvus,9785001144229,18.34,https://nmbooks.shop/products/n0148,nm_books,2026-03-29
"Петр Соха, Войцех Грайковский ""Деревья""",Самокат,9785917597119,44.82,https://nmbooks.shop/products/n0190,nm_books,2026-03-29
"Мария Бершадская ""Большая маленькая девочка. Книга 2"" (истории 7-12)",КомпасГид,N/A,20.37,https://nmbooks.shop/products/n0143,nm_books,2026-03-29
"Льюис Кэрролл ""Алиса в Стране чудес. Алиса за зеркалом""",Самокат,9785917595986,38.71,https://nmbooks.shop/products/n0139,nm_books,2026-03-29
"Жак Эрс ""История крестовых походов""",Евразия,9785807104335,16.3,https://nmbooks.shop/products/n0142,nm_books,2026-03-29
"Жак Эрс ""Рождение капитализма в средние века""",Евразия,9785918521847,16.3,https://nmbooks.shop/products/n0141,nm_books,2026-03-29
"Сэм Грин, Грэм Робертсон ""Кто здесь власть? Граждане, государство и борьба за Россию""",Corpus,9785171228545,18.34,https://nmbooks.shop/products/n0062,nm_books,2026-03-29
"Арман Леруа ""Лагуна. Как Аристотель придумал науку""",АСТ,9785179831884,26.49,https://nmbooks.shop/products/n0063,nm_books,2026-03-29
"Валерий Шубинский ""Ломоносов: Всероссийский человек""",Corpus,9785171633318,27.3,https://nmbooks.shop/products/n0064,nm_books,2026-03-29
"Гаэль Фай ""Маленькая страна""",Corpus,9785171050016,11.82,https://nmbooks.shop/products/n0065,nm_books,2026-03-29
"Кэтрин Зубович ""Москва монументальная. Высотки и городская жизнь в эпоху сталинизма""",Corpus,9785171374457,26.49,https://nmbooks.shop/products/n0066,nm_books,2026-03-29
"Салман Рушди ""Нож""",Corpus,9785171610289,13.04,https://nmbooks.shop/products/n0067,nm_books,2026-03-29
"Бретт Скотт ""Облачные деньги""",Corpus,N/A,21.19,https://nmbooks.shop/products/n0068,nm_books,2026-03-29
"Майкл Волф ""Огонь и ярость""",АСТ,9785171080488,20.37,https://nmbooks.shop/products/n0069,nm_books,2026-03-29
"Владимир Сорокин ""Пир""",Corpus,9785171272883,19.97,https://nmbooks.shop/products/n0070,nm_books,2026-03-29
"Филип Норман ""Пол Маккартни. Биография""",drukarevich,9785171009892,42.78,https://nmbooks.shop/products/n0071,nm_books,2026-03-29
"Ричард Докинз ""Полеты воображения. Разум и эволюция против гравитации""",Corpus,9785171489311,33.0,https://nmbooks.shop/products/n0072,nm_books,2026-03-29
"Одед Галор ""Путь человечества""",Corpus,9785171361006,18.34,https://nmbooks.shop/products/n0074,nm_books,2026-03-29
"Владимир Сорокин ""Роман""",Corpus,9785171458034,26.49,https://nmbooks.shop/products/n0075,nm_books,2026-03-29
"Майя Кучерская ""Современный патерик. Чтение для впавших в уныние""",АСТ,9785171614430,12.22,https://nmbooks.shop/products/n0076,nm_books,2026-03-29
"Уолтер Айзексон ""Стив Джобс""",Corpus,9785170778713,30.56,https://nmbooks.shop/products/n0077,nm_books,2026-03-29
"Матиас Мальзьё ""Фарфоровый солдат""",Corpus,9785171538279,12.63,https://nmbooks.shop/products/n0078,nm_books,2026-03-29
"Карло Чиполла ""Фундаментальные законы человеческой глупости""",Corpus,9785171232092,11.41,https://nmbooks.shop/products/n0079,nm_books,2026-03-29
"Нил Ашерсон ""Черное море. Колыбель цивилизации и варварства""",Corpus,9785170933822,19.97,https://nmbooks.shop/products/n0080,nm_books,2026-03-29
"Юрий Слезкин ""Эра Меркурия. Евреи в современном мире""",Corpus,9785171091989,27.3,https://nmbooks.shop/products/n0081,nm_books,2026-03-29
"Петер Фламм ""Я?""",Corpus,9785171581602,12.22,https://nmbooks.shop/products/n0082,nm_books,2026-03-29
"Константин Зарубин ""Повести л-ских писателей""",АСТ,9785171533953,15.08,https://nmbooks.shop/products/n0083,nm_books,2026-03-29
"Энрике Короминас, Оскар Уайльд ""Дориан Грей"" Графический роман","Манн, Иванов и Фербер",9785002142903,17.93,https://nmbooks.shop/products/n0084,nm_books,2026-03-29
"Шахида Араби ""Токсичные люди. Как защититься от нарциссов, газлайтеров, психопатов и других манипуляторов""","Манн, Иванов и Фербер",9785001952114,13.24,https://nmbooks.shop/products/n0085,nm_books,2026-03-29
"Эми Джонсон ""Токсичные мысли. Как перестать зацикливаться на негативе и успокоить ум""","Манн, Иванов и Фербер",9785001955221,14.26,https://nmbooks.shop/products/n0086,nm_books,2026-03-29
"Ольга Алленова ""Форпост. Беслан и его заложники""",Individuum,9785604262788,8.15,https://nmbooks.shop/products/n0087,nm_books,2026-03-29
"Алексей Алёхин ""Мясорубка. Как Россия полюбила кровавый спорт""",Individuum,9785907696860,17.11,https://nmbooks.shop/products/n0088,nm_books,2026-03-29
Кира Ярмыш «Тут недалеко»,Medusa project SIA,9789934925573,29.34,https://nmbooks.shop/products/n0089,nm_books,2026-03-29
"Саймон Шустер ""Шоумен: Владимир Зеленский и война в Украине""",Medusa project SIA,9789934925542,25.47,https://nmbooks.shop/products/n0090,nm_books,2026-03-29
"Дима Зицер ""Любовь в условиях турбулентности""",Medusa project SIA,9789934925535,24.45,https://nmbooks.shop/products/n0091,nm_books,2026-03-29
Женя Бережная. «(Не) о войне»,Medusa project SIA,9789934921681,25.47,https://nmbooks.shop/products/n0092,nm_books,2026-03-29
"Александр Роднянский ""Нелюбовь. О путинской России в девяти фильмах""",Medusa project SIA,9789934925528,26.49,https://nmbooks.shop/products/n0093,nm_books,2026-03-29
"Павел Кушнир ""Биробиджанский дневник""",Medusa project SIA,9789934925566,26.49,https://nmbooks.shop/products/n0094,nm_books,2026-03-29
"Екатерина Гордеева ""Унеси ты мое горе""",Medusa project SIA,9789934921605,26.49,https://nmbooks.shop/products/n0095,nm_books,2026-03-29
"Женя Беркович ""Питомцы""",Babel Books Berlin,9783000799143,24.45,https://nmbooks.shop/products/n0096,nm_books,2026-03-29
"Михаил Зыгарь ""Война и наказание""",Medusa project SIA,9789934239465,25.26,https://nmbooks.shop/products/n0098,nm_books,2026-03-29
"Антон Долин ""Плохие русские. Кино от «Брата» до «Слова пацана»""",Medusa project SIA,9789934921643,25.26,https://nmbooks.shop/products/n0099,nm_books,2026-03-29
Константин Зарубин. «Наше сердце бьется за всех»,Medusa project SIA,9789934921674,19.15,https://nmbooks.shop/products/n0100,nm_books,2026-03-29
"Михаил Зыгарь ""Темная сторона Земли. История о том, как советский народ победил Советский Союз""",Medusa project SIA,9789934936012,34.63,https://nmbooks.shop/products/n0101,nm_books,2026-03-29
"Константин Гаазе ""Куда дрейфуют диктатуры""",Medusa project SIA,9789934936036,32.6,https://nmbooks.shop/products/n0102,nm_books,2026-03-29
"Антон Долин ""50""",Medusa project SIA,9789934936043,34.63,https://nmbooks.shop/products/n0103,nm_books,2026-03-29
"Александр Горбачев ""Когда мы поём, поднимается ветер. Краткая история популярной музыки в России XXI века""",Medusa project SIA,9789934936029,34.63,https://nmbooks.shop/products/n0105,nm_books,2026-03-29
"Сергей Кузнецов ""Мясорубка Мосса""",Medusa project SIA,9789934936005,32.6,https://nmbooks.shop/products/n0104,nm_books,2026-03-29
"Илья Венявкин ""Храм войны. Люди и их идеи, сделавшие возможным российское вторжение в Украину""",Medusa project SIA,9789934925597,32.6,https://nmbooks.shop/products/n0106,nm_books,2026-03-29
"Дмитрий Дурнев ""Дом на линии огня""",Medusa project SIA,9789934925580,32.6,https://nmbooks.shop/products/n0107,nm_books,2026-03-29
"Евгений Деменок ""Уехать нельзя остаться""",Бабель,9789659320417,24.45,https://nmbooks.shop/products/n0109,nm_books,2026-03-29
"Людмила Улицкая ""Искренне Ваш Шурик""",Редакция Елены Шубиной,9785170939329,7.74,https://nmbooks.shop/products/n0059,nm_books,2026-03-29
"Людмила Улицкая ""Казус Кукоцкого""",Редакция Елены Шубиной,9785170902972,9.37,https://nmbooks.shop/products/n0060,nm_books,2026-03-29
"Борис Житков ""Виктор Вавич""",Бабель,9789659312580,20.37,https://nmbooks.shop/products/n0111,nm_books,2026-03-29
"Владимир Сорокин ""Сказка"" (мягкая обложка)",Freedom Letters,9781326428655,20.37,https://nmbooks.shop/products/n0113,nm_books,2026-03-29
"Ольга Романова ""Игра в бутылочку""",Freedom Letters,9781779680310,20.37,https://nmbooks.shop/products/n0114,nm_books,2026-03-29
"Хаим Бен Яков ""Чемодан, вокзал, Израиль. К истории антисемитизма в СССР"". Предисловие Тамары Эйдельман и Давида Маркиша",Freedom Letters,9781326939434,20.37,https://nmbooks.shop/products/n0115,nm_books,2026-03-29
"Натан Щаранский ""Не убоюсь зла""",Freedom Letters,9781998084937,20.37,https://nmbooks.shop/products/n0116,nm_books,2026-03-29
"Дмитрий Быков ""Новый браунинг""",Freedom Letters,9781998265008,17.11,https://nmbooks.shop/products/n0117,nm_books,2026-03-29
"Дмитрий Быков ""Демон поверженный""",Freedom Letters,9781300802068,20.37,https://nmbooks.shop/products/n0118,nm_books,2026-03-29
"Дмитрий Быков ""VZ. Три года войны""",Freedom Letters,9781326613617,20.37,https://nmbooks.shop/products/n0222,nm_books,2026-03-29
"Дмитрий Быков ""Дуга""",Freedom Letters,9781326573027,20.37,https://nmbooks.shop/products/n0119,nm_books,2026-03-29
"Дмитрий Быков ""Подъем""",Freedom Letters,9781326382544,16.3,https://nmbooks.shop/products/n0120,nm_books,2026-03-29
"Дмитрий Быков ""ЖД""",Freedom Letters,9781998084739,36.67,https://nmbooks.shop/products/n0121,nm_books,2026-03-29
"Сергей Давыдов ""Спрингфилд""",Freedom Letters,9780993820267,17.11,https://nmbooks.shop/products/n0122,nm_books,2026-03-29
"Александр Генис ""Амеррика""",Freedom Letters,9781326517304,20.37,https://nmbooks.shop/products/n0123,nm_books,2026-03-29
"Иван Филиппов ""Мышь""",Freedom Letters,9781998265145,24.45,https://nmbooks.shop/products/n0124,nm_books,2026-03-29
"Иван Филиппов ""Тень""",Freedom Letters,9781326575267,24.45,https://nmbooks.shop/products/n0125,nm_books,2026-03-29
"Олеся Герасименко ""Не закрывай глаза""",Freedom Letters,9781326322731,19.56,https://nmbooks.shop/products/n0126,nm_books,2026-03-29
"Людмила Штерн ""Бродский: Ося, Иосиф, Joseph""",Freedom Letters,9781998084524,20.37,https://nmbooks.shop/products/n0127,nm_books,2026-03-29
"Андрей Мовчан ""От войны до войны""",Freedom Letters,9781998265329,26.49,https://nmbooks.shop/products/n0128,nm_books,2026-03-29
"Андрей Козырев ""Жар-птица. Кто предал российскую демократию""",Freedom Letters,9781445215297,30.56,https://nmbooks.shop/products/n0129,nm_books,2026-03-29
"Михаил Крутихин ""Игра в революцию. Иранские агенты Кремля""",Freedom Letters,9781445269580,18.34,https://nmbooks.shop/products/n0130,nm_books,2026-03-29
"Анастасия Полозкова ""Конец свободной эпохи. Голоса российского феминизма""",Freedom Letters,9781445261553,20.37,https://nmbooks.shop/products/n0131,nm_books,2026-03-29
"Александра Прокопенко ""Соучастники. Почему российская элита выбрала войну""",StraightForward Foundation,9786250010068,26.49,https://nmbooks.shop/products/n0132,nm_books,2026-03-29
"Андрей Захаров ""Русский киберпанк. Как Кремль и олигархи строят «цифровой ГУЛАГ» — и кто этому сопротивляется""",StraightForward Foundation,9781969573217,25.26,https://nmbooks.shop/products/n0133,nm_books,2026-03-29
"Ксения Лученко ""Благими намерениями. Русская православная Церковь и власть от Горбачева до Путина""",StraightForward Foundation,9786018225765,32.6,https://nmbooks.shop/products/n0134,nm_books,2026-03-29
"Сергей Алексашенко ""Шанс: Америка-Россия""",Эхо Книги,9786010697430,24.45,https://nmbooks.shop/products/n0135,nm_books,2026-03-29
"Алексей Навальный ""Патриот""",One Book Publishing,9786098347005,28.12,https://nmbooks.shop/products/n0136,nm_books,2026-03-29
"Энн Эпплбаум ""Корпорация Автократия""",One Book Publishing,9786098347036,34.63,https://nmbooks.shop/products/n0137,nm_books,2026-03-29
"Бьёрн Рёрвик ""Акулиска враг редиски и другие истории о Лисе и Поросёнке""",Самокат,9785917598284,18.34,https://nmbooks.shop/products/n0138,nm_books,2026-03-29
"Билл Франсуа ""Красноречие сардинки""",Corpus,9785171220334,17.52,https://nmbooks.shop/products/n0061,nm_books,2026-03-29
"Аньес Мартен-Люган ""Дом на берегу океана, где мы были счастливы""",Corpus,9785171504878,11.0,https://nmbooks.shop/products/n0058,nm_books,2026-03-29
"Мойзес Наим ""Два шпиона в Каракасе""",Corpus,9785171200763,4.89,https://nmbooks.shop/products/n0057,nm_books,2026-03-29
"Людмила Улицкая ""Даниэль Штайн, переводчик""",Редакция Елены Шубиной,9785171094218,9.37,https://nmbooks.shop/products/n0056,nm_books,2026-03-29
"Салман Рушди ""Восток, Запад""",АСТ,9785171635152,13.45,https://nmbooks.shop/products/n0055,nm_books,2026-03-29
"Валерий Шубинский ""Владислав Ходасевич. Чающий и говорящий""",АСТ,9785171460761,26.49,https://nmbooks.shop/products/n0054,nm_books,2026-03-29
"Владимир Набоков ""Взгляни на арлекинов!""",АСТ,9785171537944,5.7,https://nmbooks.shop/products/n0053,nm_books,2026-03-29
"Мария Конникова ""Величайший блеф""",АСТ,9785171347161,19.97,https://nmbooks.shop/products/n0052,nm_books,2026-03-29
"Патрик де Витт ""Библиотекарист""",АСТ,9785171577322,16.09,https://nmbooks.shop/products/n0051,nm_books,2026-03-29
"Надя Алексеева ""Белград""",АСТ,9785171655921,15.48,https://nmbooks.shop/products/n0050,nm_books,2026-03-29
"Оуэн Мэтьюс ""Безупречный шпион""",АСТ,9785171217778,23.43,https://nmbooks.shop/products/n0049,nm_books,2026-03-29
"Марина Степнова ""Безбожный переулок""",Редакция Елены Шубиной,9785171274467,7.33,https://nmbooks.shop/products/n0048,nm_books,2026-03-29
"Наталья Конрадова ""Археология русского интернета""",АСТ,9785171364991,15.89,https://nmbooks.shop/products/n0047,nm_books,2026-03-29
"Уолтер Айзексон ""Альберт Эйнштейн. Его жизнь и его Вселенная""",АСТ,9785170796359,30.97,https://nmbooks.shop/products/n0046,nm_books,2026-03-29
"Брюс Чатвин, Йозеф Рот, Хеннинг Кейлер ""Вниз по Волге""",Ад Маргинем (Ad Marginem),9785911036805,9.78,https://nmbooks.shop/products/n0044,nm_books,2026-03-29
"Йозеф Рот ""Путешествие в Россию""",Ад Маргинем (Ad Marginem),9785911037727,9.78,https://nmbooks.shop/products/n0043,nm_books,2026-03-29
"Флориан Иллиес ""1913. Лето целого века""",Ад Маргинем (Ad Marginem),9785911034436,13.45,https://nmbooks.shop/products/n0042,nm_books,2026-03-29
"Эммануэль Каррер ""Лимонов""",Ад Маргинем (Ad Marginem),9785911036492,14.26,https://nmbooks.shop/products/n0041,nm_books,2026-03-29
Уорхол ПОПизм. Уорхоловские 60-е,Ад Маргинем (Ad Marginem),9785911032814,13.45,https://nmbooks.shop/products/n0040,nm_books,2026-03-29
"Шарлотта Коттон ""Фотография как современное искусство""",Ад Маргинем (Ad Marginem),9785911035181,16.3,https://nmbooks.shop/products/n0039,nm_books,2026-03-29
"Том Дайкхофф ""Эпоха зрелища. Приключения архитектуры и город XXI века""",Ад Маргинем (Ad Marginem),9785911036737,18.34,https://nmbooks.shop/products/n0038,nm_books,2026-03-29
"Дэвид Гребер ""Пиратское Просвещение, или   Настоящая Либерталия""",Ад Маргинем (Ad Marginem),9785911037598,15.89,https://nmbooks.shop/products/n0037,nm_books,2026-03-29
"Вальтер Беньямин ""Улица с односторонним движением. Берлинское детство на рубеже веков""  (третье издание)",Ад Маргинем (Ad Marginem),9785911035969,11.0,https://nmbooks.shop/products/n0036,nm_books,2026-03-29
"Эдуард Лимонов ""В Сырах: Роман в промзоне""",Альпина Паблишер,9785001396338,12.63,https://nmbooks.shop/products/n0035,nm_books,2026-03-29
"Эдуард Лимонов ""Смерть современных героев""",Альпина Паблишер,9785001395096,12.63,https://nmbooks.shop/products/n0034,nm_books,2026-03-29
"Алексей Иванов ""Псоглавцы"" [покет-серия]",Альпина Проза,9785001395058,7.74,https://nmbooks.shop/products/n0033,nm_books,2026-03-29
"Алексей Иванов ""Географ глобус пропил"" [покет-серия]",Альпина Проза,9785001395034,9.78,https://nmbooks.shop/products/n0032,nm_books,2026-03-29
"Эдуард Лимонов ""316, пункт ""В""",Альпина Проза,9785001396321,14.67,https://nmbooks.shop/products/n0031,nm_books,2026-03-29
"Тарик Али ""Уинстон Черчилль. Его эпоха, его преступления""",Альпина нон-фикшн,9785001393214,15.48,https://nmbooks.shop/products/n0030,nm_books,2026-03-29
"Андрей Арьев, Елена Скульская, Александр Генис ""Три города Сергея Довлатова""",Альпина нон-фикшн,9785001393214,13.45,https://nmbooks.shop/products/n0029,nm_books,2026-03-29
"Иэн Урбина ""Океан вне закона: Работорговля, пиратство и контрабанда в нейтральных водах""",Альпина нон-фикшн,9785001394976,18.34,https://nmbooks.shop/products/n0028,nm_books,2026-03-29
"Алексей Иванов ""Вилы""",Альпина нон-фикшн,9785001395201,18.34,https://nmbooks.shop/products/n0027,nm_books,2026-03-29
"Алексей Иванов ""Быть Ивановым: Пятнадцать лет диалога с читателями""",Альпина нон-фикшн,9785001392538,13.45,https://nmbooks.shop/products/n0026,nm_books,2026-03-29
"Алексей Иванов ""Речфлот: История речного флота Российской империи и Советского Союза""",Альпина нон-фикшн,9785002231195,15.89,https://nmbooks.shop/products/n0025,nm_books,2026-03-29
"Вячеслав Моисеев ""Репетиция апокалипсиса: Тайная история атомных учений в СССР. Тоцкое-1954""",Альпина Паблишер,9785961495645,13.45,https://nmbooks.shop/products/n0024,nm_books,2026-03-29
"Питер Прингл ""Николай Вавилов: Ученый, который хотел накормить весь мир и умер от голода"" [покет-серия]",Альпина Паблишер,9785961491234,8.15,https://nmbooks.shop/products/n0023,nm_books,2026-03-29
"Алексей Иванов ""Ёбург. Город храбрых""",Альпина нон-фикшн,9785001395218,17.11,https://nmbooks.shop/products/n0022,nm_books,2026-03-29
"Сэм Кинг ""Отряд отморозков: Миссия «Алсос» или кто помешал нацистам создать атомную бомбу""",Альпина нон-фикшн,9785001398042,15.89,https://nmbooks.shop/products/n0020,nm_books,2026-03-29
"Олег Ивик ""Мифозои: история и биология мифических животных""",Альпина нон-фикшн,9785002233656,14.67,https://nmbooks.shop/products/n0019,nm_books,2026-03-29
"Ричард Вайнен ""Долгий '68: радикальный протест и его враги""",Альпина нон-фикшн,9785001391760,18.13,https://nmbooks.shop/products/n0017,nm_books,2026-03-29
"Андрей Шаповалов ""Говорящие с духами: Мир сибирского шаманизма""",Альпина нон-фикшн,9785002231331,13.45,https://nmbooks.shop/products/n0016,nm_books,2026-03-29
"Уинстон Черчилль ""Вторая мировая война"" (в 3 книгах)",Альпина нон-фикшн,9785961439373,52.97,https://nmbooks.shop/products/n0015,nm_books,2026-03-29
"Томас К. Шор ""В шаге от рая: Правдивая история путешествия тибетского ламы в Страну Бессмертия""",Альпина Паблишер,9785961439373,13.45,https://nmbooks.shop/products/n0014,nm_books,2026-03-29
"Фрэнк Фаранда ""Парадокс страха: Как одержимость безопасностью мешает нам жить"" [покет-серия]",Альпина нон-фикшн,9785002231188,6.93,https://nmbooks.shop/products/n0013,nm_books,2026-03-29
"Хелен Скейлз ""О чём молчат рыбы: Путеводитель по жизни морских обитателей""",Альпина нон-фикшн,9785002232314,13.45,https://nmbooks.shop/products/n0012,nm_books,2026-03-29
"Мария Лоренца Кьезара ""Секст как лекарство от тревоги: Чему мы можем научиться у философов-скептиков""",Альпина Паблишер,9785961494938,11.41,https://nmbooks.shop/products/n0011,nm_books,2026-03-29
"Стивен Пинкер ""Рациональность: Что это, почему нам ее не хватает и чем она важна""",Альпина нон-фикшн,9785001398196,20.37,https://nmbooks.shop/products/n0010,nm_books,2026-03-29
"Александра Стайн ""Страх, любовь и пропаганда: Механизмы влияния в сектах и тоталитарных системах""",Альпина Паблишер,9785961487640,15.89,https://nmbooks.shop/products/n0009,nm_books,2026-03-29
"Дэниел Ергин ""Добыча: Всемирная история борьбы за нефть, деньги и власть""",Альпина Pro,9785961437881,40.75,https://nmbooks.shop/products/n0008,nm_books,2026-03-29
"Мэри Бирд ""SPQR: История Древнего Рима""",Альпина нон-фикшн,9785001390114,20.37,https://nmbooks.shop/products/n0007,nm_books,2026-03-29
"Малкольм Гладуэлл ""Что видела собака: Про первопроходцев, гениев второго плана, поздние таланты, а также другие истории"" [покет-серия]",Альпина Паблишер,9785961423860,6.93,https://nmbooks.shop/products/n0006,nm_books,2026-03-29
"Малкольм Гладуэлл ""Сила мгновенных решений: Интуиция как навык"" [покет-серия]",Альпина Паблишер,9785961468946,6.93,https://nmbooks.shop/products/n0005,nm_books,2026-03-29
"Малкольм Гладуэлл ""Давид и Голиаф: Как аутсайдеры побеждают фаворитов"" [покет-серия]",Альпина Паблишер,9785961471533,6.93,https://nmbooks.shop/products/n0004,nm_books,2026-03-29
"Малкольм Гладуэлл ""Переломный момент: Как незначительные изменения приводят к глобальным переменам"" [покет-серия]",Альпина Паблишер,9785961422870,6.93,https://nmbooks.shop/products/n0003,nm_books,2026-03-29
"Айн Рэнд ""Атлант расправил плечи"" [в 3-х книгах]",Альпина Проза,9785961467420,28.93,https://nmbooks.shop/products/n0002,nm_books,2026-03-29
"Айрат Багаутдинов ""Чему я могу научиться у Владимира Шухова""",Альпина. Дети,9785961493467,10.19,https://nmbooks.shop/products/n0001,nm_books,2026-03-29
