Book Name;ISBN;Price (EUR);Original Price;Original Currency;Available
Константин Бальмонт. Литургия красоты;N/A;6,00;6,00;EUR;Yes
Александр Ливергант. Генри Миллер. Серия ЖЗЛ;N/A;14,00;14,00;EUR;Yes
Роланд Пенроуз. Пикассо. Серия ЖЗЛ;N/A;14,00;14,00;EUR;Yes
Бернгард Рубен. Зощенко. Серия ЖЗЛ;N/A;10,00;10,00;EUR;Yes
Уилл Селф. Как живут мертвецы. Роман;N/A;12,00;12,00;EUR;Yes
Иванов-Разумник. Писательские судьбы. Тюрьмы и ссылки;N/A;14,00;14,00;EUR;No
Никита Смагин. Всем Иран;N/A;25,00;25,00;EUR;No
Антология любви. Рассказы;N/A;6,00;6,00;EUR;Yes
Ринат Валиуллин. Пятое время года. Избранное;N/A;12,00;12,00;EUR;Yes
Олег Радзинский. Случайные жизни;N/A;14,00;14,00;EUR;Yes
Ирвин Шоу. Люси краун. Роман;N/A;10,00;10,00;EUR;Yes
Кэндзабуро Оэ. И объяли меня воды до души моей... Роман;N/A;4,00;4,00;EUR;Yes
Кир Булычев. Приключения Алисы. Повести;N/A;26,00;26,00;EUR;Yes
Ненси Джонс. Молли. Роман;N/A;6,00;6,00;EUR;Yes
Зеев Бар-Селла. Александр Беляев. Серия ЖЗЛ;N/A;14,00;14,00;EUR;Yes
Алексей Зверев. Набоков. Серия ЖЗЛ;N/A;14,00;14,00;EUR;Yes
Себастьян Даншен. Элвис Пресли: Реванш Юга. Серия ЖЗЛ;N/A;14,00;14,00;EUR;Yes
Габриэль Гарсиа Маркес. Проклятое время. Роман;N/A;10,00;10,00;EUR;Yes
Габриэль Гарсиа Маркес. Жить, чтобы рассказывать о жизни. Мемуары;N/A;14,00;14,00;EUR;Yes
Арчибальд Кронин. Цитадель. Роман;N/A;14,00;14,00;EUR;Yes
"Стивен Кинг. Стрелок. Извлечение троих. Бесплодные земли: из цикла ""Темная башня"". Романы";N/A;14,00;14,00;EUR;Yes
Виктор Пелевин. Священная книга оборотня. Роман;N/A;6,00;6,00;EUR;Yes
Татьяна Толстая. Река. Рассказы;N/A;6,00;6,00;EUR;Yes
Андрей Танасейчук. О. Генри: две жизни Уильяма Сидни Портера. Серия ЖЗЛ;N/A;10,00;10,00;EUR;Yes
Джеймс Хэдли Чейз. Запах денег. Романы;N/A;10,00;10,00;EUR;Yes
Мануэль Пуиг. Крашеные губки. Роман;N/A;8,00;8,00;EUR;Yes
Алла Горбунова. Вещи и ущи. Рассказы;N/A;6,00;6,00;EUR;Yes
Владимир Маканин. Испуг. Роман;N/A;16,00;16,00;EUR;Yes
Дебора Макдональд, Джереми Дронфилд. Очень опасная женщина. Из Москвы в Лондон с любовью, ложью и коварством: биография шпионки, влюблявшей в себя гениев;N/A;18,00;18,00;EUR;Yes
Александр Подрабинек. Диссиденты;N/A;16,00;16,00;EUR;Yes
Владимир Орлов. Альтист Данилов. После дождика в четверг. Романы;N/A;16,00;16,00;EUR;Yes
Дмитрий Быков. Истребитель. Роман;N/A;16,00;16,00;EUR;Yes
Саша Черный. Избранная проза;N/A;6,00;6,00;EUR;Yes
Софья Бенуа. Одри Хепберн: Откровения о жизни, грусти и любви;N/A;10,00;10,00;EUR;Yes
Владимир Орлов. Останкинские истории. Полное издание в одном томе;N/A;22,00;22,00;EUR;Yes
Георгий Данелия. Чито-грито;N/A;14,00;14,00;EUR;Yes
Роберт Шекли. Лабиринт Минотавра;N/A;16,00;16,00;EUR;Yes
Мануэль Пуиг. Предательство Риты Хейворт. Роман;N/A;12,00;12,00;EUR;Yes
Анри Труайя. Николай Гоголь;N/A;14,00;14,00;EUR;Yes
Стивен Уоттс. Мистер плейбой. Хью Хефнер и американская мечта;N/A;16,00;16,00;EUR;Yes
Альфред Бестер. Моя цель - звезды;N/A;12,00;12,00;EUR;Yes
Памела Трэверс. Все о Мэри Поппинс. Сказочные повести;N/A;14,00;14,00;EUR;Yes
Алексей Толстой. Гиперболоид инженера Гарина;N/A;18,00;18,00;EUR;Yes
Эфраим Севела. Легенды Инвалидной улицы. Мраморные ступени. Тойота Королла. Моня Цацкес - знаменосец;N/A;12,00;12,00;EUR;Yes
Игорь Губерман. Иерусалимские гарики. Закатные гарики;N/A;12,00;12,00;EUR;Yes
Валентин Осипов. Шолохов. Серия ЖЗЛ;N/A;16,00;16,00;EUR;Yes
Владислав Крапивин. Джонни Воробьев и все-все-все;N/A;14,00;14,00;EUR;Yes
Время рожать. Сборник. Составитель Виктор Ерофеев;N/A;12,00;12,00;EUR;Yes
Григорий Остер. Вредные советы: папамамалогия, воспитание взрослых;N/A;12,00;12,00;EUR;Yes
Ирина Витковская. Один рыжий, один зелёный. Повести и рассказы;N/A;8,00;8,00;EUR;Yes
Михаил Булгаков. Мастер и Маргарита. Роман;N/A;14,00;14,00;EUR;Yes
Виктория Токарева. Сволочей тоже жалко. Рассказы, повесть, киносценарий;N/A;6,00;6,00;EUR;Yes
Федор Достоевский. Братья Карамазовы. Роман;N/A;6,00;6,00;EUR;Yes
Федор Достоевский. Бесы. Роман;N/A;6,00;6,00;EUR;Yes
Антон Соя. Правдивая история Федерико Рафинелли;N/A;14,00;14,00;EUR;Yes
Роберт Льюис Стивенсон. Алмаз Раджи. Повести;N/A;18,00;18,00;EUR;Yes
Эдит Несбит. Принцесса Мелисанда и другие сказки;N/A;14,00;14,00;EUR;Yes
Ованес Туманян. Сказки;N/A;12,00;12,00;EUR;Yes
Гарик Корогодский Как потратить миллион, которого нет, и другие истории еврейского мальчика;N/A;26,00;26,00;EUR;Yes
Дональд Рейфилд. Жизнь Антона Чехова;N/A;20,00;20,00;EUR;Yes
Татьяна Соломатина. Первый после Бога;N/A;14,00;14,00;EUR;Yes
Михаил Зощенко. Уважаемые граждане. Избранные рассказы. 1923-1945;N/A;32,00;32,00;EUR;Yes
Марк Элиот. Клинт Иствуд. Последний ковбой. Биография;N/A;18,00;18,00;EUR;Yes
Сюзан Нейпер. Волшебные миры Хаяо Миядзаки;N/A;20,00;20,00;EUR;Yes
Михаил Веллер. Любовь и страсти;N/A;26,00;26,00;EUR;Yes
Чак Паланик. Сочини что-нибудь;N/A;10,00;10,00;EUR;Yes
Бернард Вербер. Мы, боги. Волшебный остров;N/A;12,00;12,00;EUR;Yes
Владимир Качан. Неверный Ромео;N/A;12,00;12,00;EUR;Yes
Ольга Берггольц. Собрание сочинений в 3-х томах;N/A;30,00;30,00;EUR;Yes
Михаил Жванецкий. Собрание произведений в 4-х книгах: шестидесятые, семидесятые, восьмидесятые, девяностые;N/A;60,00;60,00;EUR;Yes
Джером Клапка Джером. Трое в лодке, не считая собаки;N/A;22,00;22,00;EUR;Yes
Михаил Салтыков-Щедрин. Сказки для детей изрядного возраста;N/A;22,00;22,00;EUR;Yes
Тэффи. Идеальная жена. Рассказы. Роман;N/A;22,00;22,00;EUR;Yes
Тэффи. О зверях и людях. Рассказы;N/A;22,00;22,00;EUR;Yes
Сергей Есенин. Лирика. Анна Снегина;N/A;22,00;22,00;EUR;Yes
Ирвин Шоу. Голоса летнего дня. Роман;N/A;10,00;10,00;EUR;Yes
Ирвин Шоу. Растревоженный эфир. Роман;N/A;10,00;10,00;EUR;Yes
Ирвин Шоу. Хлеб по водам. Роман;N/A;10,00;10,00;EUR;Yes
Маркас Петухаускас. Цена согласия;N/A;16,00;16,00;EUR;Yes
Збигнев Херберт. Обновление взгляда. Избранные стихотворения;N/A;14,00;14,00;EUR;Yes
Кшиштоф Шатравский. Новый век;N/A;10,00;10,00;EUR;Yes
Януш Шубер. Курглый глаз погоды и другие стихи;N/A;10,00;10,00;EUR;Yes
Ян Польковский. Беседы с Ружевичем;N/A;10,00;10,00;EUR;Yes
Войцех Венцель. Imago mundi;N/A;10,00;10,00;EUR;Yes
Барбара Грушка-Зых. Я пишу для тебя;N/A;10,00;10,00;EUR;Yes
Ян Польковский. Голоса;N/A;6,00;6,00;EUR;Yes
Наринэ Абгарян. Понаехавшая;N/A;4,00;4,00;EUR;Yes
Исаак Башевис Зингер. В суде у моего отца. Люблинский штукарь. Романы;N/A;12,00;12,00;EUR;Yes
Лоран Гунель. Бог всегда путешествует инкогнито;N/A;12,00;12,00;EUR;No
Саша Соколов. Школа для дураков. Роман;N/A;8,00;8,00;EUR;Yes
Наум Коржавин. К себе. Стихотворения;N/A;8,00;8,00;EUR;Yes
Петр Алешковский. Обратная сторона луны;N/A;6,00;6,00;EUR;Yes
Юрий Сушко. Марина и Владимир;N/A;8,00;8,00;EUR;Yes
Михаил Бутов. Свобода. Роман;N/A;6,00;6,00;EUR;Yes
Джоанн Хэррис. Шоколад. Роман;N/A;10,00;10,00;EUR;Yes
Francisco de Quevedo. La vida del Buscón;N/A;9,00;9,00;EUR;Yes
Дональд Рейфилд. Жизнь Антона Чехова;N/A;16,00;16,00;EUR;Yes
Сомерсет Моэм. Карусель. Роман;N/A;10,00;10,00;EUR;Yes
Ариадна Тыркова-Вильямс. Жизнь Пушкина. В двух томах. Серия ЖЗЛ;N/A;36,00;36,00;EUR;Yes
Записки императрицы Екатерины Второй. Репринтное воспроизведение издания 1907 года;N/A;24,00;24,00;EUR;Yes
Владимир Лорченков. Галатея, или последний роман для девственников;N/A;8,00;8,00;EUR;Yes
Василий Аксёнов. Звездный билет. Апельсины из Марокко;N/A;14,00;14,00;EUR;Yes
Иван Наживин. Во дни Пушкина. Исторический роман;N/A;12,00;12,00;EUR;Yes
Марио Варгас Льоса. Тетушка Хулия и писака. Роман;N/A;14,00;14,00;EUR;Yes
Макс Фрай. Жалобная книга. Маленький роман из жизни накхов;N/A;14,00;14,00;EUR;Yes
Артур Конан Дойль. Долина страха. Записки о Шерлоке Холмсе;N/A;16,00;16,00;EUR;Yes
Владислав Крапивин. Острова и капитаны. Роман в трех книгах;N/A;16,00;16,00;EUR;Yes
Эрик-Эмманюэль Шмитт. Оскар и Розавая Дама. Повести, романы, новеллы;N/A;20,00;20,00;EUR;Yes
Аркадий Стругацкий, Борис Стругацкий. Пикник на обочине;N/A;14,00;14,00;EUR;Yes
Евгений Леонов. Зигзаг удачи. Письма к сыну. Воспоминания об актере;N/A;8,00;8,00;EUR;Yes
Роджер Желязны. Двери в песке. Ночь в одиноком октябре. Дорожные знаки. Темное путешествие. Мастер снов;N/A;14,00;14,00;EUR;Yes
Дэнни Кинг. Дневник порнографа. Роман;N/A;8,00;8,00;EUR;Yes
Габриэль Гарсиа Маркес. Хроника объявленной смерти. Повесть;N/A;8,00;8,00;EUR;Yes
Джон Фаулз. Любовница французского лейтенанта. Роман;N/A;10,00;10,00;EUR;Yes
Марина Цветаева. Проза. Стихотворения. Поэмы. Драмы. В двух книгах;N/A;26,00;26,00;EUR;Yes
Татьяна Толстая. День. Личное;N/A;10,00;10,00;EUR;Yes
Татьяна Толстая. Ночь. Рассказы;N/A;10,00;10,00;EUR;Yes
Ольга Трифонова. Последняя любовь Эйнштейна. Роман;N/A;10,00;10,00;EUR;Yes
Георгий Андреевский. Повседневная жизнь Москвы в сталинскую эпоху. 1930-1940-е;N/A;12,00;12,00;EUR;Yes
Дэниел Мейсон. Зимний солдат. Роман;N/A;12,00;12,00;EUR;Yes
Андрей Макаревич. Было, есть, будет... (+CD);N/A;18,00;18,00;EUR;Yes
Макс Фрай. Ветры, ангелы и люди;N/A;12,00;12,00;EUR;Yes
Владимир Орлов. Земля имеет форму чемодана. Роман;N/A;14,00;14,00;EUR;Yes
Александр Дюма. Красный сфинкс. Роман;N/A;8,00;8,00;EUR;Yes
Фрэнсис Скотт Фицджеральд. Прекрасные и проклятые. Истории века джаза;N/A;16,00;16,00;EUR;Yes
Анна Сергеева-Клятис. Пастернак. Серия ЖЗЛ;N/A;12,00;12,00;EUR;Yes
Вера Муромцева-Бунина. Жизнь Бунина. Беседы с памятью;N/A;16,00;16,00;EUR;Yes
Бернар Вербер. Последний секрет. Роман;N/A;12,00;12,00;EUR;Yes
Александр Мирер. Дом скитальцев. Романы, повесть, рассказы;N/A;16,00;16,00;EUR;Yes
Лена Элтанг. Картахена. Роман;N/A;14,00;14,00;EUR;Yes
Иосиф Райхельгауз. Не верю. Роман;N/A;14,00;14,00;EUR;Yes
Людмила Петрушевская. Книга принцесс. Сказки;N/A;12,00;12,00;EUR;Yes
Татьяна Соломатина. Одесский фокстрот, или Чёрный кот с вертикальным взлётом. Роман;N/A;12,00;12,00;EUR;Yes
Артур Конан Дойль. Собака Баскервилей. Его прощальный поклон. Архив Шерлока Холмса;N/A;16,00;16,00;EUR;Yes
Эдуард Лимонов. У нас была Великая Эпоха. Роман;N/A;12,00;12,00;EUR;Yes
Владимир Войнович. Монументальная пропаганда. Роман;N/A;16,00;16,00;EUR;Yes
Говард Лавкрафт. Зов Ктулху;N/A;14,00;14,00;EUR;Yes
Исаак Башевис Зингер. Раскаявшийся. Роман;N/A;6,00;6,00;EUR;Yes
Живые и прочие: 41 лучший рассказ 2009 года. Составитель Макс Фрай;N/A;10,00;10,00;EUR;Yes
Николай Павленко. Екатерина Великая. Серия ЖЗЛ;N/A;14,00;14,00;EUR;Yes
Патрик Карез. Климт: Эпоха и жизнь венского художника: Роман-биография. Серия ЖЗЛ;N/A;16,00;16,00;EUR;Yes
Михаил Рощин. Иван Бунин. Серия ЖЗЛ;N/A;12,00;12,00;EUR;Yes
Жан-Кристиан Птифис. Истинный д'Артаньян. Серия ЖЗЛ;N/A;14,00;14,00;EUR;Yes
Андре Моруа. Дон Жуан, или Жизнь Байрона. Серия ЖЗЛ;N/A;14,00;14,00;EUR;Yes
Жак де Ланглад. Оскар Уайльд, или Правда масок. Серия ЖЗЛ;N/A;14,00;14,00;EUR;Yes
Максим Чертанов. Хемингуэй. Серия ЖЗЛ;N/A;16,00;16,00;EUR;Yes
Владимир Сорокин. Теллурия. Роман;N/A;14,00;14,00;EUR;Yes
Ганс Гейнц Эверс. Паук;N/A;12,00;12,00;EUR;Yes
Джулия Грегсон. Жасминовые ночи;N/A;12,00;12,00;EUR;Yes
Юрий Буйда. Цейлон. Роман;N/A;10,00;10,00;EUR;Yes
Mario Vargas Llosa. Los cuadernos de don Rigoberto;N/A;10,00;10,00;EUR;Yes
Наринэ Абгарян. Зулали;N/A;12,00;12,00;EUR;Yes
Девять дней в июле. Сборник рассказов;N/A;10,00;10,00;EUR;Yes
Владимир Сорокин. Манарага;N/A;12,00;12,00;EUR;Yes
Виктор Пелевин. Ананасная вода для прекрасной дамы;N/A;12,00;12,00;EUR;Yes
Нил Гейман. Никогде;N/A;16,00;16,00;EUR;Yes
Дина Рубина. Больно только когда смеюсь;N/A;12,00;12,00;EUR;Yes
Владимир Голяховский. Еврейская сага. Книга первая. Семья Берг;N/A;14,00;14,00;EUR;Yes
Владимир Голяховский. Еврейская сага. Книга четвертая. Это Америка;N/A;14,00;14,00;EUR;No
Айн Рэнд. Атлант расправил плечи. Часть третья. А есть А;N/A;12,00;12,00;EUR;Yes
Мариам Петросян. Дом, в котором...;N/A;20,00;20,00;EUR;Yes
Элеанор Каттон. Светила;N/A;16,00;16,00;EUR;Yes
Тамара Кандала. Шассе-Круазе;N/A;10,00;10,00;EUR;Yes
Эдит Уортон. Эпоха невинности. В доме веселья. В лучах мерцающей луны;N/A;18,00;18,00;EUR;Yes
Алессандро Барикко. Шёлк и другие истории;N/A;14,00;14,00;EUR;Yes
Питер Хеджес. Что гложет Гилберта Грейпа?;N/A;14,00;14,00;EUR;Yes
Андрей Жвалевский, Евгения Пастернак. Смерть мертвым душам!;N/A;10,00;10,00;EUR;Yes
"Джон Ирвинг. Отель ""Нью-Гэмпшир""";N/A;14,00;14,00;EUR;Yes
Гюстав Эмар. Сокровище Картахены. Береговое братство. Морские титаны. Романы;N/A;14,00;14,00;EUR;Yes
Гюстав Эмар. Авантюристы. Морские бродяги. Золотая Кастилия. Романы;N/A;14,00;14,00;EUR;Yes
Гюстав Эмар. Короли океана. Роман;N/A;14,00;14,00;EUR;Yes
Артуро Перес-Реверте. Капитан Алатристе. Романы;N/A;14,00;14,00;EUR;Yes
Артуро Перес-Реверте. По острию клинка. Романы;N/A;14,00;14,00;EUR;Yes
Джон Ирвинг. Мир глазами Гарпа. Роман;N/A;16,00;16,00;EUR;Yes
Консуэло де Сент-Экзюпери. Воспоминания розы;N/A;10,00;10,00;EUR;Yes
Юрий Глазов. Уход от темы;N/A;6,00;6,00;EUR;No
Артур Конан Дойль. Этюд в багровых тонах. Приключения Шерлока Холмса;N/A;16,00;16,00;EUR;Yes
Роальд Даль. Дорога в рай. Полное собрание рассказов;N/A;18,00;18,00;EUR;Yes
"Дафна Дюморье. Трактир ""Ямайка"". Моя кузина Рейчел. Козел отпущения";N/A;18,00;18,00;EUR;Yes
Мария Галина. Все имена птиц. Хроники неизвестных времен;N/A;20,00;20,00;EUR;No
Борис Виан. Пена дней и другие истории. Романы, рассказы;N/A;18,00;18,00;EUR;Yes
Чарльз Буковски. Почтамт. Женщины. Макулатура;N/A;12,00;12,00;EUR;Yes
Третье пришествие. Современная фантастика Болгарии: Повести, рассказы;N/A;8,00;8,00;EUR;Yes
Давид Фридман. Мендель Маранц;N/A;12,00;12,00;EUR;Yes
Роберт Шекли. Белая смерть;N/A;16,00;16,00;EUR;Yes
Роберт Шекли. Десятая жертва;N/A;16,00;16,00;EUR;Yes
Гилберт Кит Честертон. Все расследования отца Брауна;N/A;16,00;16,00;EUR;No
Марио Варгас Льоса. Скромный герой;N/A;16,00;16,00;EUR;Yes
Григорий Шур. Евреи в Вильно. Хроника 1941—1944 гг.;N/A;16,00;16,00;EUR;Yes
Эрик Фрэнк Рассел. Эта безумная Вселенная;N/A;18,00;18,00;EUR;Yes
Стивен Кинг. 11/22/63;N/A;22,00;22,00;EUR;Yes
Андрэ Нортон. Королева Солнца: Романы;N/A;12,00;12,00;EUR;Yes
Александр Дюма. Робин Гуд;N/A;12,00;12,00;EUR;Yes
"Марта Шад. Дочь Сталина ""Я живу в тени моего отца...""";N/A;10,00;10,00;EUR;Yes
Роджер Желязны, Роберт Шекли. История рыжего демона;N/A;14,00;14,00;EUR;Yes
Иосиф Райхельгауз. Мы попали в запендю. Жизнь в театре. Театр в жизни;N/A;8,00;8,00;EUR;Yes
Артуро Перес-Реверте. Фламандская доска;N/A;12,00;12,00;EUR;Yes
Нил Гейман. Лучшие рассказы;N/A;16,00;16,00;EUR;Yes
Сэмюел Дилэни. Вавилон-17. Пересечение Эйнштейна;N/A;12,00;12,00;EUR;Yes
Мюриель Барбери. Элегантность ёжика;N/A;10,00;10,00;EUR;Yes
Габриэль Гарсиа Маркес. Недобрый час;N/A;14,00;14,00;EUR;Yes
Герман Гессе. Гертруда;N/A;10,00;10,00;EUR;Yes
Герман Гессе. Клингзор;N/A;10,00;10,00;EUR;Yes
Колин Маккалоу. Песнь о Трое;N/A;12,00;12,00;EUR;Yes
Габриэль Гарсиа Маркес. Осень патриарха;N/A;12,00;12,00;EUR;Yes
Поль Декарг. Рембрандт. Серия ЖЗЛ;N/A;14,00;14,00;EUR;Yes
Джеймс Оливер Кервуд. Бродяги Севера;N/A;16,00;16,00;EUR;Yes
Марк Шагал. Моя жизнь;N/A;14,00;14,00;EUR;Yes
Атле Нэсс. Эдвард Мунк. Биография художника;N/A;18,00;18,00;EUR;Yes
Ирина Головкина (Римская-Корсакова). Побежденные;N/A;22,00;22,00;EUR;Yes
Занавешенные картинки. Антология русской эротики;N/A;15,00;15,00;EUR;Yes
Антонина Валлантен. Пабло Пикассо;N/A;10,00;10,00;EUR;Yes
Пьер Сишель. Амедео Модильяни;N/A;14,00;14,00;EUR;Yes
Джозеф Максвелл Кутзее. В ожидании варваров;N/A;14,00;14,00;EUR;Yes
Джозеф Максвелл Кутзее. Элизабет Костелло;N/A;12,00;12,00;EUR;Yes
Виктория Токарева. Мои мужчины: Повесть, рассказы, интервью;N/A;10,00;10,00;EUR;Yes
Яков Клоц. Иосиф Бродский в Литве;N/A;42,00;42,00;EUR;No
Гузель Яхина. Зулейха открывает глаза;N/A;12,00;12,00;EUR;Yes
Людмила Штерн. Бродский: Ося, Иосиф, Joseph;N/A;16,00;16,00;EUR;Yes
Дмитрий Быков. Борис Пастернак. Серия ЖЗЛ;N/A;24,00;24,00;EUR;Yes
Алексей Навальный. Патриот;N/A;28,00;28,00;EUR;Yes
Виктор Меламед. Диагональная лягушка;978-965-93161-8-2;18,00;18,00;EUR;No
Вадик Королёв. Снеговик;978-965-93204-0-0;17,00;17,00;EUR;Yes
Линор Горалик. Бобо;978-80-69096-11-0;24,00;24,00;EUR;Yes
Вера Полозкова. Lost and found;978-80-69096-08-0;26,00;26,00;EUR;Yes
Дмитрий Глуховский. Мы. Дневник падения;N/A;27,00;27,00;EUR;Yes
Андрей Макаревич. Звонок телефона в осеннем лесу;978-965-93083-0-9;18,00;18,00;EUR;Yes
Анна Наринская. Ничего подобного;978-965-93204-3-1;17,00;17,00;EUR;Yes
Борис Беленкин. «Мемориал». Отнятый дом;978-80-974683-9-2;26,00;26,00;EUR;Yes
Виктор Шендерович. Девяноска;978-80-974683-2-3;26,00;26,00;EUR;Yes
Андрей Зубов. История России XIX столетия. Том I;978-80-69096-05-9;30,00;30,00;EUR;Yes
Александр Эткинд. Россия против современности;978-9934-9165-2-6;24,00;24,00;EUR;Yes
Сергей Николаевич. Статус: свободен;978-80-974683-1-6;26,00;26,00;EUR;Yes
Олаф Кюль. Z краткая история россии, увиденная с ее конца;978-3-00-078222-0;23,00;23,00;EUR;Yes
Мария Макеева. Медвежьи уши. Янтарный человек;978-9934-38-112-6;24,00;24,00;EUR;Yes
Евгений Деменок. Уехать нельзя остаться;978-965-93204-1-7;20,00;20,00;EUR;Yes
Борис Житков. Виктор Вавич;978-965-93125-8-0;22,00;22,00;EUR;No
Федор Сваровский. Беспорядок в саванне;978-965-92929-2-9;14,00;14,00;EUR;No
Алексей Цветков. квинсские идиллии и другое;978-965-92929-4-3;14,00;14,00;EUR;Yes
Юлий Гуголев. Орковы поля;978-965-92929-7-4;12,00;12,00;EUR;Yes
Кирилл Кобрин. Пять эссе о войне и болезни;978-965-93125-4-2;14,00;14,00;EUR;Yes
Александр Иличевский. Узкое небо, широкая река;978-965-93083-4-7;14,00;14,00;EUR;Yes
Василий Зоркий. Самое большое чертово колесо;978-80-69096-02-8;24,00;24,00;EUR;Yes
Елена Костюченко. Моя любимая страна;N/A;25,00;25,00;EUR;No
Ричардас Гавялис. Вильнюсский покер;N/A;30,00;30,00;EUR;Yes
Джонатан Литтелл, Антуан д’Агата. Неудобное место;978-9934-9216-3-6;25,00;25,00;EUR;Yes
Женя Бережная. (Не) о войне;978-9934-9216-8-1;19,00;19,00;EUR;Yes
Дима Зицер. Любовь в условиях турбулентности;978-9934-9255-3-5;25,00;25,00;EUR;No
Энн Эпплбаум. Железный занавес. Подавление Восточной Европы (1944–1956);N/A;25,00;25,00;EUR;No
Владимир Пастухов.  Война телеграмным стилем. 500 дней катастрофы. 01.03.2022–23.07.2023: Философский дневник;N/A;25,00;25,00;EUR;Yes
Елена Зелинская.  Последних русских видели в Белграде;N/A;20,00;20,00;EUR;Yes
Константин Зарубин. Наше сердце бьется за всех;978-9934-9216-7-4;15,00;15,00;EUR;Yes
Даниил Туровский. Разрыв;978-9934-9216-6-7;15,00;15,00;EUR;Yes
Григорий Родченков. Допинг. Запрещенные страницы;978-9934-9255-0-4;20,00;20,00;EUR;Yes
Антон Долин. Плохие русские;978-9934-9216-4-3;30,00;30,00;EUR;No
Юрга Виле, Лина Итагаки. Сибирские хайку;978-5-00167-196-1;22,00;22,00;EUR;Yes
Владимир Фомин, Виктория Попова. История велосипеда. Быстрые ноги;978-5-00114-409-0;15,00;15,00;EUR;No
Мария Павликова. Книга про лыжи;978-5-907471-58-0;16,00;16,00;EUR;Yes
Роман Беляев. Как устроен мост?;978-5-91759-756-0;15,00;15,00;EUR;Yes
Фолькер Менерт, Мартин Хааке. Все течет: великие реки мира;978-5-00167-574-7;23,00;23,00;EUR;Yes
Лада Бакал, Татьяна Уклейко. Горы мира. История восхождений и открытий;978-5-907471-28-3;18,00;18,00;EUR;Yes
Роман Беляев. Как работает Маяк?;978-5-91759-581-8;15,00;15,00;EUR;Yes
Ким Ынджу, Ли Дживон. Пластик. Вредный и полезный;978-5-00167-292-0;13,00;13,00;EUR;Yes
Роман Фишман, Алина Рубан. Тысяча лиц энергии;978-5-4370-0318-3;13,00;13,00;EUR;Yes
Салла Саволайнен. Асфальт!;978-5-00114-392-5;12,00;12,00;EUR;Yes
Элиот Кразински. История автомобиля в комиксах;978-5-907471-68-9;14,00;14,00;EUR;Yes
Татьяна Панова. Книга про Зонтики;978-5-907471-29-0;16,00;16,00;EUR;Yes
Пётр Волцит, Фёдор Владимиров. Геология: минералы, континенты, ноосфера;978-5-907471-69-6;15,00;15,00;EUR;Yes
Петр Соха, Войцех Граковский. Деревья;978-5-91759-711-9;34,00;34,00;EUR;No
Даша Димитрова, Ольга Дергачёва. Я кабан, а вы вонючки!;978-5-00167-446-7;13,00;13,00;EUR;Yes
Александра Литвина, Анна Десницкая. История старой квартиры;978-5-91759-484-2;28,00;28,00;EUR;No
Ася Кравченко, Дмитрий Мамонтов, Маша Згода , Надежда Суворова. На связи;978-5-4370-0398-5;12,00;12,00;EUR;Yes
Катарина Гроссман-Хензель. У меня такое чувство;978-5-00167-410-8;13,00;13,00;EUR;Yes
Юрий Тихоглаз, Юрий Скоморохов. Кибер без опасности;978-5-00114-386-4;12,00;12,00;EUR;Yes
Виталий Константинов, Лена Анлауф. Невероятные носы;978-5-907793-01-9;16,00;16,00;EUR;Yes
Андрей Дубровский, Саша Шляхтина. 50 фактов из истории Древнего мира;978-5-907471-52-8;17,00;17,00;EUR;Yes
Сюзанна Бэйли, Ниа Гульд. Пешком в музей;978-5-907471-15-3;16,00;16,00;EUR;No
Богусь Янишевский, Макс Скорвидер. Политика. То, о чем взрослые тебе не рассказывают;978-5-00114-283-6;21,00;21,00;EUR;Yes
Катарина Гроссман-Хензель. Ой, сломалось!;978-5-00167-673-7;17,00;17,00;EUR;Yes
Надежда Потапова, Элина Стоянова, Алина Минасян. Клетки: из чего сделано все живое;978-5-907793-04-0;15,00;15,00;EUR;Yes
Гельме Гейне. Лисенок Фокстрот;978-5-00083-949-2;13,00;13,00;EUR;Yes
Вольф Эрльбрух. Медвежье чудо;978-5-00083-951-5;14,00;14,00;EUR;Yes
Даша Димитрова. Морж как морж, ничего особенного;978-5-00167-208-1;13,00;13,00;EUR;Yes
Water Family, Николя Трев. Спасем воду вместе. Учебник юного эколога;978-5-907793-18-7;12,00;12,00;EUR;Yes
Рикарду Энрикеш, Андре Летриа. Театр. Театральный словарь с историями и заданиями;978-5-91759-627-3;14,00;14,00;EUR;Yes
Франсис Деарне, Филь. 5 секретов о драконах;978-5-907793-11-8;16,00;16,00;EUR;Yes
Лео Хек. 50 познавательных игр на природе;978-5-907471-62-7;12,00;12,00;EUR;Yes
Бьёрн Рёрвик, Пер Дюбвиг. Акулиска враг редиски;978-5-91759-828-4;15,00;15,00;EUR;Yes
Екатерина Степаненко, Поля Плавинская. Вся правда о пиратах;978-5-907471-57-3;21,00;21,00;EUR;Yes
Ася Кравченко, Лидия Лытаева. Глазам не верю! Иллюзии - фокусы с разоблачением;978-5-907793-03-3;15,00;15,00;EUR;No
Мария Рахманинова. Власть и тело;978-5-6041337-8-1;14,00;14,00;EUR;Yes
Макии. Зигзаг: Космос (книга-раскладушка);978-5-00167-602-7;30,00;30,00;EUR;Yes
Стивен Хокинг, Люси Хокинг. Джордж и тайны вселенной;978-5-4370-0363-3;17,00;17,00;EUR;No
Карола Мартинес Арройо. Никогда;978-5-00167-670-6;15,00;15,00;EUR;Yes
Эвелин Кроне. О чём он вообще думает? Мозг подростка: время уникальных возможностей;978-5-00167-154-1;12,00;12,00;EUR;Yes
Екатерина Мурашова, Дина Анащенко, Олеся Гонсеровская. Пойдем гулять!;978-5-00167-614-0;15,00;15,00;EUR;Yes
Саймон Шустер. Шоумен: Владимир Зеленский и война в Украине;978-9934-9255-4-2;25,00;25,00;EUR;No
Карла Хэфнер, Мике Шайер. ДНК: код жизни;978-5-907471-89-4;19,00;19,00;EUR;Yes
Анна Фелисити, Олеся Гонсеровская. Зубки и зубищи;978-5-907471-79-5;15,00;15,00;EUR;Yes
Кэтрин Барр, Стив Уильямс, Эйми Хасбанд. История изобретений. Моя первая книга о главных изобретениях человека;978-5-91759-980-9;15,00;15,00;EUR;Yes
Кэтрин Барр, Стив Уильямс, Эйми Хасбанд. История космоса. Моя первая книга о Вселенной;978-5-91759-691-4;15,00;15,00;EUR;Yes
Кэтрин Барр, Стив Уильямс, Эйми Хасбанд. История людей. Моя первая книга о человечестве;978-5-91759-832-1;14,00;14,00;EUR;Yes
Виталий Константинов. История письменности: от клинописи до эмодзи;978-5-907471-35-1;17,00;17,00;EUR;Yes
Борис Войцеховский, Алла Белова. Все делают это;978-5-00167-316-3;13,00;13,00;EUR;Yes
Лилия Волкова, Екатерина Глейзер. Всем выйти из кадра;978-5-6047270-5-8;12,00;12,00;EUR;Yes
Мариона Толоза Систере́. Тайная жизнь волос;978-5-00167-603-4;14,00;14,00;EUR;Yes
Мариона Толоза Систере́. Тайная жизнь зубов;978-5-00167-433-7;14,00;14,00;EUR;Yes
Мариона Толоза Систере́. Тайная жизнь соплей;978-5-00167-184-8;14,00;14,00;EUR;Yes
Анна Десницкая. Звезда;978-5-00167-575-4;10,00;10,00;EUR;Yes
Свен Нурдквист. Петсон грустит;978-5-00114-339-0;10,00;10,00;EUR;Yes
Бьёрн Рёрвик, Пер Дюбвиг. Свитер на Рождество;978-5-00167-301-9;15,00;15,00;EUR;Yes
Мария Парр. Тоня Глиммердал;978-5-00167-320-0;15,00;15,00;EUR;Yes
Мария Парр. Вафельное сердце;978-5-00167-380-4;15,00;15,00;EUR;Yes
Мария Парр. Вратарь и море;978-5-91759-706-5;12,00;12,00;EUR;Yes
Саша Филипенко. Слон;978-80-908899-6-5;24,00;24,00;EUR;No
Олдос Хаксли. Что нам с этим делать?;978-9934-9315-0-5;18,00;18,00;EUR;Yes
Себастьян Хафнер. Сделка с дьяволом. Немецко-русские отношения в период между Первой и Второй мировыми войнами;978-3-00-081680-2;18,00;18,00;EUR;Yes
Андрей Зубов. История России XIX столетия. Том II;978-80-69096-35-6;30,00;30,00;EUR;No
Сергей Савельев. Троян. Гулаг нашего времени;978-80-69096-32-5;26,00;26,00;EUR;Yes
Лёша Палкич. Уравнение гопака. Роман о войне без войны;978-80-69096-20-2;21,00;21,00;EUR;Yes
Шмарьяху Пустопецкий. Из Литвы в Израиль через Сибирь;978-5-605-14736-7;12,00;12,00;EUR;Yes
Ицхок Рудашевский. Дневник Вильнюсского гетто;978-5-6043573-0-9;12,00;12,00;EUR;Yes
Перед лицом катастрофы  Сборник статей под редакцией и с предисловием Николая Плотникова;N/A;18,00;18,00;EUR;Yes
Андреас Буллер. Мораль и язык тоталитаризма, большевизма, национал-социализма и путинизма;N/A;14,00;14,00;EUR;Yes
Ян Шенкман. У нас в Ереване;N/A;16,00;16,00;EUR;Yes
Йонас Мекас. Письма ниоткуда;N/A;16,00;16,00;EUR;Yes
Мария Пранцишка Чепайтите. Патер;N/A;20,00;20,00;EUR;No
Наталья Трауберг. Сама жизнь;N/A;14,00;14,00;EUR;Yes
Андрей Краснящих. Бог есть +/-;N/A;12,00;12,00;EUR;Yes
Молчание о войне;N/A;14,00;14,00;EUR;Yes
Непоследние слова: Речи обвиняемых и политзаключённых;N/A;18,00;18,00;EUR;Yes
Валерий Примост. Штабная сука;N/A;20,00;20,00;EUR;No
Михаил Айзенберг Оправданное присутствие;N/A;8,00;8,00;EUR;No
Сергей Давыдов. Спрингфилд;N/A;14,00;14,00;EUR;Yes
Алексей Никитин. От лица огня;N/A;22,00;22,00;EUR;Yes
"Любовь Мачина. Путеводитель ""Корфу. Дарреллы""";N/A;20,00;20,00;EUR;No
Дмитрий Быков. Новый браунинг;N/A;11,00;11,00;EUR;Yes
Анатолий Стреляный. Чужая сперма: Ахтырский дневник;N/A;9,00;9,00;EUR;Yes
Ваня Чекалов. Любовь;N/A;15,00;15,00;EUR;Yes
Светлана Еремеева. Мёртвое время;N/A;17,00;17,00;EUR;Yes
Эрланд Юсефсон. Роль;N/A;8,00;8,00;EUR;Yes
Вера Павлова. Линия соприкосновения;N/A;13,00;13,00;EUR;No
Доната Митайте. Томас Венцлова;N/A;8,00;8,00;EUR;Yes
Александр Иличевский. Тела Платона;N/A;17,00;17,00;EUR;Yes
Лев Толстой. Хаджи-Мурат. Предисловие Дмитрия Быкова;N/A;11,00;11,00;EUR;Yes
Михаил Айзенберг. Контрольные отпечатки;N/A;8,00;8,00;EUR;Yes
Алексей Макушинский. Димитрий;N/A;17,00;17,00;EUR;Yes
Александр Грин. Блистающий мир. Предисловие Артёма Ляховича;N/A;13,00;13,00;EUR;Yes
Валерий Бочков. Бабье лето: Повести после конца света;N/A;9,00;9,00;EUR;Yes
Елена Козлова. Цифры;N/A;8,00;8,00;EUR;Yes
Ирина Евса. Дети рахили;N/A;7,00;7,00;EUR;Yes
Максим Бородiн. В кiнцi всi свiтяться;N/A;11,00;11,00;EUR;Yes
Генрi Лайон Олдi. Вторгнення;N/A;11,00;11,00;EUR;Yes
Генри Лайон Олди. Вторжение;N/A;11,00;11,00;EUR;Yes
Генри Лайон Олди. Дверь в зиму;N/A;14,00;14,00;EUR;Yes
Артур Гиваргизов. Сейчас-сейчас-сейчас;978-5-00167-568-6;17,00;17,00;EUR;Yes
Олег Ладыженский. Баллада солдат;N/A;11,00;11,00;EUR;Yes
Олег Ладиженський. Балада солдатiв;N/A;11,00;11,00;EUR;Yes
Школа Шрёдингера;978-5-00167-610-2;15,00;15,00;EUR;Yes
Ева Немеш, Варвара Романова. Сенсор;978-5-00167-573-0;14,00;14,00;EUR;Yes
Марк-Антуан Матьё. Подвалы Музея. Фрагменты дневника одного эксперта;978-5-907305-40-3;25,00;25,00;EUR;Yes
Гинтарас Патацкас. Малая Божественная Ко / Gintaras Patackas. Mažoji Dieviškoji Co (билингва);N/A;8,00;8,00;EUR;Yes
Саша Станишич. Волк;978-5-00167-583-9;16,00;16,00;EUR;Yes
Андрей Платонов. Записные книжки. Материалы к биографии;N/A;22,00;22,00;EUR;No
Память о блокаде. Свидетельства очевидцев и историческое сознание общества. Материалы и исследования;N/A;25,00;25,00;EUR;Yes
Быть чеченцем: Мир и война глазами школьников;N/A;16,00;16,00;EUR;Yes
Вверх по реке времени. Российские школьники об истории XX века. Сборник работ стипендиатов;N/A;25,00;25,00;EUR;Yes
По крупицам. Российские школьники об истории ХХ века. Сборник работ лауреатов Всероссийского конкурса исторических исследовательских работ старшеклассников Человек в истории. Россия XX век;N/A;28,00;28,00;EUR;Yes
Пути следования: Российские школьники о миграциях, эвакуациях и депортациях ХХ века;N/A;30,00;30,00;EUR;Yes
Цена победы. Российские школьники о войне;N/A;30,00;30,00;EUR;Yes
Империя и нация в зеркале исторической памяти: Сборник статей;N/A;30,00;30,00;EUR;Yes
Лев Рубинштейн. Словарный запас;N/A;12,00;12,00;EUR;No
Людмила Петрановская. Тайная опора: привязанность в жизни ребенка;N/A;10,00;10,00;EUR;Yes
Александр Пятигорский, Олег Алексеев. Размышляя о политике;N/A;16,00;16,00;EUR;No
Павел Кушнир. Биробиджанский дневник;978-9934-9255-6-6;23,00;23,00;EUR;No
Рафаэль Обер, Урс Гфеллер. Беседы с Димитрием Вячеславовичем Ивановым;N/A;16,00;16,00;EUR;Yes
Александр Шмеман. Дневники. 1973-1983;N/A;32,00;32,00;EUR;No
Антоний Сурожский. Человек перед Богом;N/A;18,00;18,00;EUR;Yes
Владимир Вейдле. Умирание искусства. Размышления о судьбе литературного и художественного творчества;N/A;26,00;26,00;EUR;No
Ваш М.Г.: Из писем Михаила Леоновича Гаспарова;N/A;22,00;22,00;EUR;Yes
Адам Михник, Алексей Навальный. Диалоги;N/A;8,00;8,00;EUR;No
Дмитрий Лихачев. Поэзия садов;N/A;26,00;26,00;EUR;Yes
Рональд Коуз. Фирма, рынок и право;N/A;14,00;14,00;EUR;Yes
Флориан Иллиес. 1913. Лето целого века;N/A;14,00;14,00;EUR;Yes
Флориан Иллиес. 1913. Что я на самом деле хотел сказать;N/A;13,00;13,00;EUR;Yes
Сьюзен Сонтаг. Образцы безоглядной воли;N/A;18,00;18,00;EUR;Yes
Мирон Гинкас. Сквозь колючую проволоку. Воспоминания врача, узника Каунасского гетто, под редакцией и с комментариями спасенного им сына, режиссера Камы Гинкаса;N/A;22,00;22,00;EUR;No
Джонатан Литтелл. Благоволительницы: Роман;N/A;26,00;26,00;EUR;No
Дневники Рут Майер: еврейка-беженка в Норвегии.;N/A;24,00;24,00;EUR;Yes
Костанцо Константини. Федерико Феллини. Серия ЖЗЛ;N/A;20,00;20,00;EUR;Yes
Леон Голденсон. Нюрнбергские интервью;N/A;32,00;32,00;EUR;Yes
Лутц Нитхаммер. Вопросы к немецкой памяти. Статьи по устной истории;N/A;26,00;26,00;EUR;Yes
Владислав Шпильман. Пианист. Варшавские дневники 1939 - 1945;N/A;16,00;16,00;EUR;Yes
Пьер Паоло Пазолини. Шпана;N/A;14,00;14,00;EUR;Yes
Жоэль Норман. Французская кухня пяти президентов. Воспоминания повара Елисейского дворца;N/A;26,00;26,00;EUR;No
Гнанi вiйною / Гонимые войной;N/A;10,00;10,00;EUR;Yes
Driven by war / Гонимые войной;N/A;10,00;10,00;EUR;Yes
Экхарт Толле. Сила настоящего: Руководство к духовному пробуждению;N/A;9,00;9,00;EUR;Yes
Виктор Франкл. Человек в поисках смысла;N/A;16,00;16,00;EUR;No
Исайя Берлин. История свободы. Россия;N/A;32,00;32,00;EUR;Yes
Ян Карский. Я свидетельствую перед миром. История подпольного государства;N/A;26,00;26,00;EUR;Yes
Паскаль Казанова. Мировая республика литературы;N/A;22,00;22,00;EUR;No
Саймон Тагуэлл. Беседы о блаженствах;N/A;12,00;12,00;EUR;Yes
Жак Маритен. Человек и государство;N/A;12,00;12,00;EUR;No
Лаймонас Бриедис. Вильнюс: Город странников;N/A;25,00;25,00;EUR;No
Томас Мертон. Внутренний опыт. Заметки о созерцании;N/A;10,00;10,00;EUR;Yes
Хосе Ортега-и-Гассет. Миссия университета;N/A;14,00;14,00;EUR;Yes
Кшиштоф Кесьлёвский. О себе. Автобиография, сценарии, статьи, интервью;N/A;36,00;36,00;EUR;Yes
Марта Геллхорн. Лицо войны. Военная хроника 1936-1988;N/A;14,00;14,00;EUR;Yes
Пьер Дриё ла Рошель. Дневник. 1939-1945;N/A;30,00;30,00;EUR;No
Эрнст Юнгер. Годы оккупации (апрель 1945 - декабрь 1948);N/A;28,00;28,00;EUR;Yes
Эрнст Юнгер. В стальных грозах;N/A;28,00;28,00;EUR;Yes
Андре Мальро. Антимемуары;N/A;32,00;32,00;EUR;No
Жорж Бернанос. Униженные дети. Дневник 1939-1940;N/A;22,00;22,00;EUR;Yes
Эмили Нагоски. Как хочет жещина. Мастер-класс по науке секса;N/A;12,00;12,00;EUR;Yes
Наоми Вульф. Вагина. Новая история женской сексуальности;N/A;22,00;22,00;EUR;Yes
Ян Кернер. Она кончает первой. Как доставить женщине наслаждение;N/A;18,00;18,00;EUR;Yes
Nelya Rakhimova. The Invasion of Ukraine: Implications for the SDGs in Russia;N/A;10,00;10,00;EUR;Yes
Михаил Есеновский, Екатерина Метелицына. Гипноз Иванович;978-5-00167-326-2;17,00;17,00;EUR;Yes
Сяргей Жадан. Anarchy in the UKR;N/A;14,00;14,00;EUR;Yes
Мальцы выходзяць з-пад кантролю: Анталёгія беларускага гей-пісьменства. Фрагмэнты;N/A;17,00;17,00;EUR;Yes
Сяржук Сыс. DOM. Паэзія выгнання 2020–2023;N/A;12,00;12,00;EUR;Yes
CrimethInc. Работа;N/A;16,00;16,00;EUR;Yes
Иван Асташин. Путешествие по местам лишения;N/A;16,00;16,00;EUR;Yes
Свен Нурдквист. Финдус переезжает;978-5-00114-343-7;10,00;10,00;EUR;Yes
Бертран БэКа, Шацма, Жюльен Мариоль. Наука в комиксах. Том 1: Пространство и время;978-5-907793-45-3;18,00;18,00;EUR;Yes
Кэтрин Барр, Стив Уильямс. История жизни;978-5-91759-600-6;18,00;18,00;EUR;Yes
Анна Старобинец. Зверские сказки;978-5-6044141-5-6;18,00;18,00;EUR;No
Джулия Дональдсон, Аксель Шеффлер. Верхом на помеле;978-5-907022-96-6;11,00;11,00;EUR;Yes
Джулия Дональдсон, Аксель Шеффлер. ЗОГ и перелетные врачи;978-5-907022-92-8;9,00;9,00;EUR;Yes
Александра Берлина, Юлия Щигал. Некстати о птичках;978-3-910610-08-8;10,00;10,00;EUR;Yes
Анна Старобинец. Боги Манго;978-5-6043489-0-1;16,00;16,00;EUR;Yes
Юрий Смирнов. Фрау и големы;978-3-910610-21-7;14,00;14,00;EUR;Yes
Юрий Смирнов. Год гепарда;978-3-910610-25-5;14,00;14,00;EUR;Yes
Ольга Гребенник. Капризный дом;978-3-910610-20-0;18,00;18,00;EUR;Yes
Пандора Егорова, Саня Григорьев. Про царя и его войну;978-3-00-073006-1;4,00;4,00;EUR;Yes
Джулия Дональдсон, Аксель Шеффлер. Дочурка Груффало;978-5-907022-94-2;9,00;9,00;EUR;Yes
Свен Нурдквист. Охота на лис;978-5-00114-338-3;10,00;10,00;EUR;Yes
Бенни Линделауф, Людвиг Волбеда. Большие истории для маленького солдата;978-5-00167-593-8;24,00;24,00;EUR;Yes
Геркус Кунчюс. Прошедший многократный раз;N/A;6,00;6,00;EUR;Yes
Антанас Шкема. Белый саван;N/A;6,00;6,00;EUR;Yes
Юргис Кунчинас. Via Baltica: роман, эссе, рассказы;N/A;6,00;6,00;EUR;Yes
Иностранная литература: Литва – 100. 2018/11;N/A;10,00;10,00;EUR;Yes
Генрих Сапгир, Кира Сапгир. Приключения Кубарика и Томатика, или веселая математика. Часть II: Как искали Лошарика;978-5-4370-0406-7;17,00;17,00;EUR;Yes
Эмманюэль Гибер, Марк Бутаван. Ариоль. Танцуют все!;978-5-907305-62-5;10,00;10,00;EUR;Yes
Вольфдитрих Шнурре, Ротраут Сузанна Бернер. Приду в четыре. Рассказ о любви;N/A;8,00;8,00;EUR;Yes
Ульф Старк, Анна Хёглунд. Георгий и дракон;N/A;17,00;17,00;EUR;Yes
Русе Лагеркранц, Эва Эриксон. Где же Дюнне?;978-5-907178-41-0;19,00;19,00;EUR;Yes
Франк Варжак. Чысты баранок;N/A;12,00;12,00;EUR;Yes
Мишель Робинсон, Дэвид Робертс. Практическая медведология для начинающих;N/A;12,00;12,00;EUR;Yes
Александр Уткин. Сказки Гамаюн;978-5-907305-47-2;19,00;19,00;EUR;Yes
Эмманюэль Гибер, Марк Бутаван. Ариоль. Могучий кролик;978-5-907305-60-1;10,00;10,00;EUR;Yes
Ольга Посух. Микросупергерои. Самый живучий;978-5-00167-660-7;15,00;15,00;EUR;Yes
Артур Камароускi. Corpus Vile;N/A;16,00;16,00;EUR;Yes
Книга «No» — о выставке к 10-летию «Медузы»;978-9934-9255-5-9;20,00;20,00;EUR;No
Уладзiслаў Гарбацкi. Mercks Craz!;N/A;11,00;11,00;EUR;Yes
Iлля Камiнскiх. Рэспублiка глухiх;N/A;13,00;13,00;EUR;Yes
Свен Нурдквист, Штеффи Корда. Петсон и Финдус изучают животных;978-5-00114-389-5;7,00;7,00;EUR;Yes
Свен Нурдквист, Штеффи Корда. Петсон и Финдус. Эксперименты;978-5-00114-294-2;7,00;7,00;EUR;Yes
Лев Рубинштейн. Кладбище с вайфаем;N/A;19,00;19,00;EUR;No
Мікола Дзядок. Праўда без кампрамісаў;N/A;10,00;10,00;EUR;Yes
Скотт Кроу. Черные флаги и ветряные мельницы;N/A;14,00;14,00;EUR;Yes
Iгар Алiневiч. Еду ў Магадан;N/A;10,00;10,00;EUR;Yes
Настольная книга по консенсусу. Как построить эффективную работу в группе, учитывая мнение каждого участника;N/A;12,00;12,00;EUR;Yes
Патрис Джонс. Афтершок. Противостояние эмоциональным травмам в жестоком мире. Пособие для активист:ок и их сподвижников;N/A;12,00;12,00;EUR;Yes
Чинция Арруцца, Тити Бхаттачарья, Нэнси Фрэйзер. Феминизм для 99 процентов. Манифест;N/A;8,00;8,00;EUR;Yes
Паулу Фрейре. Педагогика угнетенных;N/A;12,00;12,00;EUR;Yes
Робин Ханель. Только сами. Доводы в пользу экономики участия;N/A;12,00;12,00;EUR;Yes
Анархизм и образование;N/A;14,00;14,00;EUR;Yes
Питер Гелдерлоос. Как ненасилие защищает государство;N/A;10,00;10,00;EUR;Yes
Быть скинхедом: жизнь антифашиста Сократа;N/A;14,00;14,00;EUR;Yes
Марта Акельсберг. Mujeres Libres;N/A;16,00;16,00;EUR;Yes
Джеймс Скотт. Анархия? Нет, но да;N/A;10,00;10,00;EUR;Yes
Аня Флах, Эрджае Айбога, Михаэль Кнапп. Курдистан;N/A;16,00;16,00;EUR;Yes
Феминистские решения для прекращения войны;N/A;16,00;16,00;EUR;Yes
Йеркер Вирдборг. Чёрный краб;N/A;6,00;6,00;EUR;Yes
Александр Фьют. Беседы с Чеславом Милошем;N/A;12,00;12,00;EUR;Yes
Свен Нурдквист, Штеффи Корда. Петсон и Финдус познают мир;978-5-00114-293-5;7,00;7,00;EUR;Yes
Ольга Громова. Сахарный ребёнок;N/A;15,00;15,00;EUR;Yes
Анастасия Кухта. Love is...;N/A;14,00;14,00;EUR;Yes
Светлана Метелева, Марьяна Микитюк. Йти на світло / Идти на свет;N/A;6,00;6,00;EUR;Yes
Габриэль Гарсиа Маркес. Палая листва. Повести и рассказы;N/A;20,00;20,00;EUR;No
Теофиль Готье. Путешествие в Россию;N/A;26,00;26,00;EUR;Yes
Джозеф Максвелл Кутзее. Бесчестье;N/A;16,00;16,00;EUR;No
Борис Акунин. Квест. Коды к роману. Роман-компьютерная игра;N/A;18,00;18,00;EUR;No
Бенвенуто Челлини. Жизнь Бенвенуто Челлини;N/A;12,00;12,00;EUR;Yes
Аркадий и Борис Стругацкие. Понедельник начинается в субботу. Сказка о Тройке. Иллюстрации Евгения Мигунова;N/A;22,00;22,00;EUR;Yes
Джон Леннон. Пишу как пишется: Сборник рассказов и стихов;N/A;8,00;8,00;EUR;Yes
Матвей Гейзер. Зиновий Гердт;N/A;16,00;16,00;EUR;Yes
Дмитрий Липскеров. Леонид обязательно умрет;N/A;8,00;8,00;EUR;Yes
Эли Визель. Время неприкаянных;N/A;8,00;8,00;EUR;No
Виктор Астафьев. Пастух и пастушка: Повести;N/A;18,00;18,00;EUR;No
Исаак Башевис Зингер. Суббота в Лиссабоне: Рассказы;N/A;12,00;12,00;EUR;Yes
Умберто Эко. Баудолино: Роман;N/A;14,00;14,00;EUR;Yes
Сол Беллоу. Избранные рассказы;N/A;14,00;14,00;EUR;Yes
Сол Беллоу. Равельштейн: Роман;N/A;12,00;12,00;EUR;Yes
Курт Воннегут. Колыбель для кошки: Романы;N/A;16,00;16,00;EUR;Yes
Мириам Анисимов. Ромен Гари, хамелеон;N/A;28,00;28,00;EUR;No
Даниил Хармс. Цирк Шардам;N/A;22,00;22,00;EUR;Yes
Хорхе Луис Борхес. Проза разных лет;N/A;16,00;16,00;EUR;Yes
Юрий Каракур. Фарфор;N/A;12,00;12,00;EUR;Yes
Мария Парр. Оскар и я. Наши места;N/A;15,00;15,00;EUR;Yes
Менахем Бегин. Белыми ночами. Фотоальбом: Воспоминания о Печорлаге;N/A;28,00;28,00;EUR;Yes
Бьёрн Рёрвик, Пер Дюбвиг. Вафлямбала;978-5-00167-283-8;15,00;15,00;EUR;Yes
Бьёрн Рёрвик, Пер Дюбвиг. Как поросёнок болел леопардозом;978-5-00167-161-9;15,00;15,00;EUR;Yes
Света Бень, Лина Хессе. Безработное дерево;978-5-00167-740-6;15,00;15,00;EUR;Yes
Юрий Поляков. Треугольная жизнь;N/A;18,00;18,00;EUR;Yes
Роберт Шнакенберг. Тайная жизнь великих писателей;N/A;16,00;16,00;EUR;Yes
Элизабет Ланди. Тайная жизнь великих художников;N/A;16,00;16,00;EUR;Yes
Томас Венцлова. Вильнюс: Город в Европе;N/A;12,00;12,00;EUR;No
Генри Миллер. Сексус. Тихие дни в Клиши;N/A;22,00;22,00;EUR;Yes
Александр Покровский. Бортовой журнал 4: Проза;N/A;12,00;12,00;EUR;Yes
Баян Ширянов. Занимательная сексопаталогия. Роман;N/A;12,00;12,00;EUR;Yes
Владимир Бондаренко. Бродский. Серия ЖЗЛ;N/A;15,00;15,00;EUR;No
Вильгельм фон Штернбург. Ремарк. Серия ЖЗЛ;N/A;16,00;16,00;EUR;Yes
Ася Пекуровская. Когда случилось петь С.Д. и мне. Сергей Довлатов глазами первой жены;N/A;12,00;12,00;EUR;Yes
Orlusha. Стихи и рингтоны: Стихи;N/A;12,00;12,00;EUR;Yes
Иван Бунин, Василий Розанов, Иван Шмелев. Окаянные дни. Апокалипсис нашего времени. Солнце мёртвых;N/A;12,00;12,00;EUR;No
Юз Алешковский. Предпоследняя жизнь. Записки везунчика;N/A;12,00;12,00;EUR;Yes
Эфраим Севела. Патриот с немытыми ушами;N/A;9,00;9,00;EUR;Yes
Исаак Башевис Зингер. Фокусник из Люблина. Роман;N/A;9,00;9,00;EUR;Yes
Игорь Губерман. Дар легкомыслия печальный...;N/A;12,00;12,00;EUR;Yes
Григорий Канович. Свечи на ветру;N/A;9,00;9,00;EUR;Yes
"Юз Алешковский. ""Карусель"" и другие повести";N/A;12,00;12,00;EUR;Yes
Сергей Довлатов. Собрание прозы в трех томах;N/A;50,00;50,00;EUR;Yes
Ирина Емельянова. Пастернак и Ивинская;N/A;12,00;12,00;EUR;Yes
Давид Маркиш. Стать Лютовым. Роман;N/A;12,00;12,00;EUR;Yes
Альберик д'Ардивилье. Эрнест Хемингуэй: за фасадом великого мифа;N/A;9,00;9,00;EUR;Yes
Бенедикт Сарнов. Маяковский. Самоубийство;N/A;16,00;16,00;EUR;Yes
Умберто Эко. Пражское кладбище. Роман;N/A;19,00;19,00;EUR;Yes
Илья Ильф, Евгений Петров. Одноэтажная Америка. Авторская редакция;N/A;16,00;16,00;EUR;No
Марк Хелприн. На солнце и в тени. Роман;N/A;12,00;12,00;EUR;Yes
"Виктор Пелевин. Песни царства ""Я""";N/A;22,00;22,00;EUR;Yes
Фазиль Искандер. Антология сатиры и юмора России ХХ века;N/A;16,00;16,00;EUR;Yes
Борис Виан. У всех мертвых одинаковая кожа. Сердцедер. Осень в Пекине;N/A;16,00;16,00;EUR;Yes
Кармен Мартин Гайте. Красная Шапочка на Манхэттене;978-5-91759-790-4;13,00;13,00;EUR;Yes
Борис Вильде. Дневник и письма из тюрьмы. 1941-1942;N/A;8,00;8,00;EUR;Yes
Кароль Войтыла. Крипта. Избранная поэзия, 1939-1978;N/A;4,00;4,00;EUR;No
Джонатан Свифт. Путешествия Гулливера. Художник Владислав Ерко;N/A;22,00;22,00;EUR;Yes
Роальд Даль. Матильда;978-5-00167-219-7;14,00;14,00;EUR;Yes
Гюс Кёйер. Книга всех вещей;978-5-91759-742-3;13,00;13,00;EUR;No
Жозе Жоржи Летриа, Андре Летриа. Война;978-5-00167-373-6;14,00;14,00;EUR;Yes
Витауте Жилинскайте. Путешествие на Тандадрику. Художник Игорь Олейников;N/A;18,00;18,00;EUR;Yes
Владимир Вишневский. Антология Сатиры и Юмора России ХХ века;N/A;12,00;12,00;EUR;Yes
Спутницы Пушкина;N/A;10,00;10,00;EUR;Yes
Владислав Крапивин. Бабочка на штанге;N/A;8,00;8,00;EUR;Yes
Родион Нахапетов. Влюблённый;N/A;12,00;12,00;EUR;Yes
Питер Акройд. Чарли Чаплин;N/A;16,00;16,00;EUR;Yes
Андре Кастело. Королева Марго. Серия ЖЗЛ;N/A;16,00;16,00;EUR;Yes
Дмитрий Миропольский. 1814;N/A;12,00;12,00;EUR;Yes
Варлам Шаламов. Колымские рассказы;N/A;18,00;18,00;EUR;Yes
Генри Каттнер. «Робот-зазнайка» и другие фантастические истории. Роман, повести, рассказы;N/A;16,00;16,00;EUR;Yes
Урсула Ле Гуин. Проклятый дар. Голоса. Прозрение;N/A;18,00;18,00;EUR;Yes
Святослав Логинов. Свет в окошке. Земные пути. Колодезь;N/A;16,00;16,00;EUR;Yes
Святослав Логинов. Многорукий бог далайна;N/A;16,00;16,00;EUR;Yes
Генри Каттнер. Время, назад! и другие невероятные рассказы;N/A;18,00;18,00;EUR;Yes
Чарльз Диккенс. Жизнь Дэвида Копперфилда, рассказанная им самим;N/A;18,00;18,00;EUR;Yes
Том Шон. Тарантино. От криминального до омерзительного: все грани режиссера;N/A;32,00;32,00;EUR;Yes
Дафна Дюморье. Птицы. Не позже полуночи и другие истории;N/A;20,00;20,00;EUR;Yes
Пьер Птифис. Артюр Рембо. Серия ЖЗЛ;N/A;16,00;16,00;EUR;Yes
Юрий Коваль. Суер-Выер и много чего ещё;N/A;16,00;16,00;EUR;No
Юлия Лобышева. Из писем Агаты;N/A;10,00;10,00;EUR;Yes
Юлия Лобышева. Наблюдая жизнь (заметки на салфетке);N/A;10,00;10,00;EUR;Yes
Александр Солженицын. В круге первом. Роман;N/A;22,00;22,00;EUR;Yes
Владимир Войнович. Шапка. Рассказы;N/A;16,00;16,00;EUR;Yes
Эмма Гольдман. Проживая свою жизнь. В трех томах;N/A;42,00;42,00;EUR;Yes
Евгений Рубашко. Хлебные крошки. Сборник тюремных стихов и текстов;N/A;10,00;10,00;EUR;Yes
Подстрочник. Жизнь Лилианны Лунгиной, расказаннная ею в фильме Олега Дормана;N/A;16,00;16,00;EUR;No
Алессандро Барикко. Замки гнева. Роман;N/A;12,00;12,00;EUR;Yes
Умберто Эко. Остров накануне. Роман;N/A;16,00;16,00;EUR;Yes
Джон Ирвинг. Мужчины не ее жизни. Роман;N/A;16,00;16,00;EUR;Yes
Федор Достоевский. Преступление и наказание. Идиот;N/A;16,00;16,00;EUR;Yes
Анатолий Кузнецов. Бабий Яр. Роман-документ;N/A;22,00;22,00;EUR;Yes
Исаак Бабель. Конармия. Одесские рассказы. Иллюстрации Антона Ломаева;N/A;28,00;28,00;EUR;No
Дмитрий Быков. Был ли Горький? Биографический очерк;N/A;14,00;14,00;EUR;No
Джон Ирвинг. Семейная жизнь весом в 158 фунтов;N/A;12,00;12,00;EUR;Yes
Юкио Мисима. Смерть в середине лета;N/A;18,00;18,00;EUR;Yes
Густав Майринк. Избранное;N/A;18,00;18,00;EUR;Yes
Владимир Сорокин. Ледяная трилогия;N/A;14,00;14,00;EUR;No
Александр Солженицын. Дороженька;N/A;12,00;12,00;EUR;Yes
Иэн Макьюэн. Амстердам;N/A;4,00;4,00;EUR;Yes
Орхан Памук. Чёрная книга. Роман;N/A;12,00;12,00;EUR;Yes
Николай Фробениус. Адская притча. Романы;N/A;16,00;16,00;EUR;Yes
Евгений Замятин. Мы. Бич Божий. Романы, повести, рассказы, сказки;N/A;14,00;14,00;EUR;Yes
Уладзіслаў Наважылаў (Lesley Knife). Білінгва;N/A;15,00;15,00;EUR;Yes
Уладзіслаў Наважылаў (Lesley Knife). Яблык у валізцы;N/A;15,00;15,00;EUR;No
Ивлин Во. Любовь среди руин. Полное собрание рассказов;N/A;16,00;16,00;EUR;No
Франсуаза Саган. Женщина в гриме;N/A;14,00;14,00;EUR;Yes
Франсуаза Саган. Немного солнца в холодной воде. Романы;N/A;16,00;16,00;EUR;Yes
Эдуард Лимонов. Молодой негодяй;N/A;12,00;12,00;EUR;Yes
Фрэнсис Скотт Фицджеральд. Великий Гэтсби. Ночь нежна. Последний магнат. По эту сторону рая;N/A;18,00;18,00;EUR;Yes
Франсуаза Саган. Здравствуй, грусть! Романы;N/A;14,00;14,00;EUR;Yes
Франсуаза Саган. Сигнал капитуляции. Ангел-хранитель. Романы;N/A;14,00;14,00;EUR;Yes
Василий Аксёнов. Остров Крым. В поисках жанра. Золотая наша Железка;N/A;16,00;16,00;EUR;Yes
Василий Аксёнов. Московская сага. Трилогия;N/A;20,00;20,00;EUR;Yes
Василий Аксёнов. Скажи изюм;N/A;14,00;14,00;EUR;Yes
Людмила Улицкая. Казус Кукоцкого;N/A;14,00;14,00;EUR;Yes
Евгений Гришковец. Асфальт;N/A;12,00;12,00;EUR;Yes
Евгений Гришковец. Одновременно: жизнь;N/A;12,00;12,00;EUR;Yes
Джеральд Даррелл. Перегруженный ковчег. Гончие Бафута. Зоопарк в моем багаже;N/A;14,00;14,00;EUR;Yes
Фрэнсис Скотт Фицджеральд. Красавицы и джентльмены. Истории беспечной жизни;N/A;18,00;18,00;EUR;Yes
Людмила Штерн. Довлатов - добрый мой приятель;N/A;12,00;12,00;EUR;Yes
Фазиль Искандер. Сандро из Чегема;N/A;16,00;16,00;EUR;Yes
Вадим Шефнер. Лачуга должника и другие сказки для умных;N/A;16,00;16,00;EUR;Yes
Франсуаза Саган. Поводок. Роман;N/A;8,00;8,00;EUR;Yes
Владимир Набоков. Лолита;N/A;14,00;14,00;EUR;Yes
Николас Дж. Каролидес, Маргарет Балд, Дон Б. Соува, Алексей Евстратов. 100 запрещенных книг. Цензурная история мировой литературы;N/A;22,00;22,00;EUR;No
Джоан Кэтлин Роулинг. Гарри Поттер и Дары Смерти;N/A;18,00;18,00;EUR;Yes
Айн Рэнд. Источник. В 2-х томах;N/A;16,00;16,00;EUR;Yes
Кит Элиот Гринберг. 8 декабря 1980 года. День, когда погиб Джон Леннон;N/A;12,00;12,00;EUR;Yes
Пол Картер, Роджер Хайфилд. Эйнштейн. Частная жизнь;N/A;12,00;12,00;EUR;Yes
Джером Дэвид Сэлинджер. Над пропастью во ржи;N/A;16,00;16,00;EUR;Yes
Уинстон Грум. Форрест Гамп;N/A;12,00;12,00;EUR;Yes
Милан Кундера. Смешные любови;N/A;12,00;12,00;EUR;Yes
Лев Разгон. Непридуманное;N/A;10,00;10,00;EUR;No
Варлен Стронгин. Любовь Михаила Булгакова;N/A;12,00;12,00;EUR;Yes
Макс Фрай. О любви и смерти;N/A;12,00;12,00;EUR;Yes
Кормак Маккарти. Кровавый меридиан, или Закатный багрянец на западе;N/A;14,00;14,00;EUR;Yes
Ирвин Уэлш. Три истории о любви и химии;N/A;14,00;14,00;EUR;Yes
Ирвин Уэлш. Альковные секреты шеф-поваров;N/A;14,00;14,00;EUR;Yes
Макс Фрай. Так берегись;N/A;12,00;12,00;EUR;Yes
Иоанна Ольчак-Роникер. Корчак. Опыт биографии;N/A;14,00;14,00;EUR;Yes
Павел Басинский. Лев Толстой. Свободный человек. Серия ЖЗЛ;N/A;16,00;16,00;EUR;Yes
Джеймс Оливер Кервуд. Казан;N/A;12,00;12,00;EUR;Yes
Василь Быков. Дожить до рассвета. Альпийская баллада;N/A;14,00;14,00;EUR;Yes
Туве Янссон. Умеющая слушать;N/A;14,00;14,00;EUR;No
Александр Чудаков. Ложится мгла на старые ступени;N/A;14,00;14,00;EUR;Yes
Чингиз Айтматов. И дольше века длится день... Тавро Кассандры;N/A;16,00;16,00;EUR;Yes
Осип Мандельштам. Шум времени;N/A;12,00;12,00;EUR;Yes
Максимилиан Волошин. Все даты бытия;N/A;12,00;12,00;EUR;Yes
Артуро Перес-Реверте. На линии огня;N/A;12,00;12,00;EUR;Yes
Герман Вук. Внутри, вовне;N/A;10,00;10,00;EUR;Yes
Бернар Вербер. Ее величество кошка;N/A;12,00;12,00;EUR;Yes
Бернар Вербер. Планета кошек;N/A;12,00;12,00;EUR;Yes
Артур Конан Дойль. Знак четырех. Возвращение Шерлока Холмса;N/A;16,00;16,00;EUR;Yes
Дафна Дю Морье. Мэри Энн;N/A;8,00;8,00;EUR;Yes
Дафна Дю Морье. Королевский генерал;N/A;8,00;8,00;EUR;Yes
Дафна Дю Морье. Дух любви;N/A;8,00;8,00;EUR;Yes
Алексей Толстой. Хождение по мукам;N/A;18,00;18,00;EUR;Yes
Дафна Дю Морье. Французова бухта;N/A;8,00;8,00;EUR;Yes
Булат Окуджава. Путешествие дилетантов. Избранные произведения;N/A;14,00;14,00;EUR;Yes
Владимир Войнович. Москва 2042. Монументальная пропаганда. Иванькиада;N/A;18,00;18,00;EUR;Yes
Михаил Анчаров. Самшитовый лес;N/A;16,00;16,00;EUR;Yes
Александр Солженицын. Раковый корпус. Один день Ивана Денисовича;N/A;18,00;18,00;EUR;Yes
Георгий Владимов. Генерал и его армия. Лучшие произведения в одном томе;N/A;16,00;16,00;EUR;No
Вадим Кожевников. Щит и меч;N/A;14,00;14,00;EUR;Yes
Виктор Пелевин. Смотритель. Две книги в одном томе;N/A;16,00;16,00;EUR;Yes
Уоррен Харрис. Софи Лорен;N/A;14,00;14,00;EUR;Yes
Александра Толстая. Дочь;N/A;14,00;14,00;EUR;Yes
Фаина Раневская. Старость – невежество Бога;N/A;12,00;12,00;EUR;Yes
Владимир Коробов. Василий Шукшин. Серия ЖЗЛ;N/A;16,00;16,00;EUR;Yes
Молли Хаскелл. Стивен Спилберг. Человек, изменивший кинематограф. Биография;N/A;16,00;16,00;EUR;Yes
Ежи Косински. Свидание вслепую;N/A;14,00;14,00;EUR;Yes
Евгений Весник. Дарю, что помню;N/A;12,00;12,00;EUR;Yes
Эрих Мария Ремарк. Гэм. Роман;N/A;10,00;10,00;EUR;Yes
Сильвен Райнер. Эдит Пиаф;N/A;14,00;14,00;EUR;Yes
Евгений Евтушенко. Волчий паспорт;N/A;14,00;14,00;EUR;Yes
Виктор Шендерович. Антология Сатиры и Юмора России XX века;N/A;14,00;14,00;EUR;Yes
Василий Аксёнов. Антология Сатиры и Юмора России XX века;N/A;12,00;12,00;EUR;Yes
Аркадий Аверченко. Антология Сатиры и Юмора России XX века;N/A;12,00;12,00;EUR;Yes
Аркадий Арканов. Антология Сатиры и Юмора России XX века;N/A;12,00;12,00;EUR;Yes
Владимир Войнович. Антология Сатиры и Юмора России XX века;N/A;12,00;12,00;EUR;Yes
Александр Курляндский. Антология сатиры и юмора России ХХ века;N/A;12,00;12,00;EUR;Yes
Генри Миллер. Тропик любви;N/A;16,00;16,00;EUR;Yes
Борис Васильев. Век необычайный;N/A;12,00;12,00;EUR;Yes
Зиновий Гердт. Рыцарь совести;N/A;14,00;14,00;EUR;Yes
Кора Ландау-Дробанцева. Академик Ландау. Как мы жили. Воспоминания;N/A;22,00;22,00;EUR;Yes
Татьяна Окуневская. Татьянин день;N/A;12,00;12,00;EUR;Yes
Леонид Филатов. Прямая речь;N/A;14,00;14,00;EUR;Yes
Аркадий Инин. Антология Сатиры и Юмора России XX века;N/A;12,00;12,00;EUR;Yes
Ромен Гари. Головы Стефани (Прямой рейс к Аллаху);N/A;12,00;12,00;EUR;Yes
Ромен Гари. Свет женщины. Дальше ваш билет недействителен;N/A;14,00;14,00;EUR;Yes
Ромен Гари. Спасите наши души;N/A;12,00;12,00;EUR;Yes
Хезер Моррис. Три сестры;N/A;12,00;12,00;EUR;Yes
Ив Энцлер. Монологи вагины;N/A;12,00;12,00;EUR;Yes
Маргарет Этвуд. Рассказ служанки;N/A;14,00;14,00;EUR;Yes
Антуан де Сент-Экзюпери. Манон, танцовщица;N/A;8,00;8,00;EUR;Yes
Стейси Шифф. Сент-Экзюпери. Биография;N/A;14,00;14,00;EUR;Yes
Юрий Гладильщиков. Справочник грёз. Путеводитель по новому кино;N/A;16,00;16,00;EUR;Yes
Ирма Кудрова. Гибель Марины Цветаевой;N/A;6,00;6,00;EUR;Yes
Осип Мандельштам. Два трамвая. Стихи для детей;N/A;8,00;8,00;EUR;Yes
Лена Элтанг. Побег куманики. Роман;N/A;10,00;10,00;EUR;Yes
Виталий Портников. Тюрьма для ангелов;N/A;14,00;14,00;EUR;No
Илья Эренбург. Необычайные похождения;N/A;20,00;20,00;EUR;No
Уильям Сароян. Человеческая комедия. Рассказы. Джозеф Хеллер. Поправка-22;N/A;14,00;14,00;EUR;Yes
Елена Щапова де Карли. Это Я - Елена;N/A;12,00;12,00;EUR;Yes
Марк Салливан. Под алыми небесами. Роман;N/A;14,00;14,00;EUR;Yes
Григорий Чухрай. Моя война;N/A;10,00;10,00;EUR;Yes
Ли Дуглас Брэкетт. Сага о Скэйте;N/A;10,00;10,00;EUR;Yes
Джордж Р. Р. Мартин. Стеклянный цветок. Повести и рассказы;N/A;12,00;12,00;EUR;Yes
Ольга Морозова. Знаменитые пейзажи мировой живописи;978-5-00111-503-8;85,00;85,00;EUR;Yes
Елена Нестерова. Идеальное искусство. Позднеакадемическая и салонная живопись;N/A;42,00;42,00;EUR;Yes
Дмитрий Быков. ЖД. Роман;N/A;16,00;16,00;EUR;Yes
Чингиз Айтматов. Плаха;N/A;18,00;18,00;EUR;Yes
Виктор Некрасов. В окопах Сталинграда. Повести, рассказы;N/A;16,00;16,00;EUR;Yes
Юрий Нагибин. Моя золотая теща;N/A;8,00;8,00;EUR;Yes
Юрий Визбор. Надоело говорить и спорить;N/A;12,00;12,00;EUR;Yes
Лео Перуц. Мастер страшного суда;N/A;16,00;16,00;EUR;Yes
Тайные записки А. С. Пушкина. 1836-1837;N/A;8,00;8,00;EUR;Yes
Елена Шатохина. Счастье земное, кара небесная. Роковые тайны окружения Пушкина. Роман;N/A;8,00;8,00;EUR;Yes
Роджер Желязны. Кладбище слонов;N/A;12,00;12,00;EUR;Yes
Роберт Шекли. Обмен разумов;N/A;14,00;14,00;EUR;Yes
Рэй Брэдбери. Марсианские хроники. Полное издание;N/A;14,00;14,00;EUR;Yes
Рэй Брэдбери. Золотые яблоки солнца;N/A;14,00;14,00;EUR;Yes
Гарри Гаррисон. Один шаг от Земли;N/A;14,00;14,00;EUR;Yes
Роберт Шекли. Цивилизация статуса;N/A;14,00;14,00;EUR;Yes
Урсула Ле Гуин. Орсиния;N/A;14,00;14,00;EUR;Yes
Ален де Боттон. Динамика романтизма;N/A;12,00;12,00;EUR;Yes
Ален де Боттон. Интимные подробности;N/A;12,00;12,00;EUR;Yes
Макс Фрай. Ветры, ангелы и люди;N/A;12,00;12,00;EUR;Yes
Роберт Вайнтрауб. Смерти вопреки. Реальная история человека и собаки на войне и в концлагере;N/A;14,00;14,00;EUR;Yes
Гвендолин Шабрие. За колючей проволокой;N/A;12,00;12,00;EUR;No
Джеймс Джонс. Отныне и вовек. Роман;N/A;14,00;14,00;EUR;Yes
Жан-Поль Бельмондо. Тысяча жизней;N/A;12,00;12,00;EUR;No
Феликс Икшин. Лиля Брик. Жизнеописание великой любовницы;N/A;8,00;8,00;EUR;Yes
Эдуард Лимонов. Торжество метафизики;N/A;8,00;8,00;EUR;Yes
Даниил Гранин. Она и всё остальное. Роман о любви и не только;N/A;12,00;12,00;EUR;Yes
Чарльз Чаплин. Моя биография;N/A;8,00;8,00;EUR;Yes
Анри Труайя. Распутин;N/A;8,00;8,00;EUR;Yes
Эд. Мениаль. Ги Де Мопассан;N/A;8,00;8,00;EUR;Yes
Анна Борисова (Борис Акунин). Там. Креативщик. Vremena Goda;N/A;12,00;12,00;EUR;Yes
Кир Булычёв. Река Хронос: Усни, красавица! Таких не убивают. Дом в Лондоне. Покушение;N/A;10,00;10,00;EUR;Yes
Борис Житков. Как я ловил человечков;N/A;6,00;6,00;EUR;Yes
Давид Карапетян. Владимир Высоцкий. Воспоминания;N/A;14,00;14,00;EUR;Yes
Марлена Зимна. Высоцкий - две или три вещи, которые я о нем знаю;N/A;10,00;10,00;EUR;Yes
Юрий Сушко. Владимир Высоцкий. По-над пропастью;N/A;10,00;10,00;EUR;Yes
Ольга Чехова. Мои часы идут иначе;N/A;15,00;15,00;EUR;Yes
Эльдар Рязанов. Четыре вечера с Владимиром Высоцким;N/A;10,00;10,00;EUR;Yes
Все не так, ребята... Владимир Высоцкий в воспоминаниях друзей и коллег, собранных Игорем Кохановским при участии Дмитрия Быкова;N/A;16,00;16,00;EUR;Yes
Рю Мураками. Экстаз;N/A;12,00;12,00;EUR;Yes
Игорь Губерман. Штрихи к портрету;N/A;10,00;10,00;EUR;Yes
Константин Станюкович. Максимка;N/A;6,00;6,00;EUR;Yes
Даниэль Пеннак. Глаз волка;N/A;13,00;13,00;EUR;Yes
Игорь Губерман. Вечерний звон;N/A;10,00;10,00;EUR;Yes
Эфраим Севела. Возраст Христа. Последние судороги неумирающего племени;N/A;12,00;12,00;EUR;Yes
Дина Рубина. Двойная фамилия;N/A;14,00;14,00;EUR;Yes
Элина Быстрицкая. Встречи под звездой надежды;N/A;14,00;14,00;EUR;Yes
Георгий Бурков. Хроника сердца;N/A;14,00;14,00;EUR;Yes
Анатолий Рыбаков. Роман-воспоминание;N/A;14,00;14,00;EUR;Yes
Анатолий Рыбаков. Приключения Кроша. Каникулы Кроша. Неизвестный солдат;N/A;14,00;14,00;EUR;Yes
Анатолий Рыбаков. Кортик. Бронзовая птица. Выстрел;N/A;14,00;14,00;EUR;Yes
Анатолий Рыбаков. Екатерина Воронина. Лето в Сосняках;N/A;14,00;14,00;EUR;Yes
Анатолий Рыбаков. Тяжелый песок;N/A;14,00;14,00;EUR;Yes
Анатолий Рыбаков. Дети Арбата. В 3-х книгах;N/A;42,00;42,00;EUR;Yes
Дина Рубина. Любка;N/A;12,00;12,00;EUR;Yes
Дина Рубина. Адам и Мирьям: повести, рассказы;N/A;12,00;12,00;EUR;Yes
Дина Рубина. На Верхней Масловке;N/A;12,00;12,00;EUR;Yes
Дина Рубина. Синдром Петрушки;N/A;12,00;12,00;EUR;Yes
Генри Миллер. Роза Распятия. Трилогия: Сексус. Плексус. Нексус. В 2-х книгах;N/A;24,00;24,00;EUR;Yes
Владимир Акимов. Леонид Утесов;N/A;12,00;12,00;EUR;Yes
Михаил Веллер. Б. Вавилонская;N/A;14,00;14,00;EUR;Yes
Дина Рубина. Белая голубка Кордовы;N/A;12,00;12,00;EUR;No
Дина Рубина. Последний кабан из лесов Понтеведра;N/A;12,00;12,00;EUR;Yes
Дина Рубина. Миф сокровенный...;N/A;12,00;12,00;EUR;Yes
Дина Рубина. На солнечной стороне улицы;N/A;12,00;12,00;EUR;Yes
Алексей Бобринский. Эрмиты. Петербургская сказка;N/A;26,00;26,00;EUR;Yes
Юрий Нагибин. Переулки моего детства;N/A;12,00;12,00;EUR;Yes
Фредрик Бакман. Бабушка велела кланяться и передать, что просит прощения;N/A;12,00;12,00;EUR;No
Кир Булычев. Похищение чародея;N/A;14,00;14,00;EUR;Yes
Фелисьен Марсо. Кризи. Капри - остров маленький;N/A;10,00;10,00;EUR;Yes
Наталья Решетовская. В круге втором. Откровения первой жены Солженицына;N/A;12,00;12,00;EUR;Yes
Дмитрий Горчев. План спасения;N/A;10,00;10,00;EUR;Yes
Дмитрий Горчев. Москвичи;N/A;10,00;10,00;EUR;Yes
Виктор Конецкий. Эхо;N/A;12,00;12,00;EUR;Yes
Сэмюел Дилэни. Нова. Да, и Гоморра;N/A;12,00;12,00;EUR;Yes
Юнна Мориц. Рассказы о чудесном;N/A;14,00;14,00;EUR;Yes
Омар Хайям в созвездии поэтов. Антология восточной лирики;N/A;12,00;12,00;EUR;Yes
Жан-Поль Сартр. Дороги свободы;N/A;18,00;18,00;EUR;Yes
Арнольд Шварценеггер. Вспомнить все. Моя невероятно правдивая история;N/A;12,00;12,00;EUR;Yes
Михаил Булгаков. Собачье сердце. Дьяволиада. Роковые яйца. Белая гвардия.;N/A;14,00;14,00;EUR;Yes
Нина Соротокина. Гардемарины, вперед! Тетралогия;N/A;24,00;24,00;EUR;Yes
Эдгар Аллан По. Полное собрание рассказов;N/A;18,00;18,00;EUR;Yes
Франц Кафка. Избранное;N/A;18,00;18,00;EUR;Yes
Джером К. Джером. Романы;N/A;14,00;14,00;EUR;Yes
Льюис Кэрролл. Алиса в стране чудес. Алиса в Зазеркалье;N/A;12,00;12,00;EUR;Yes
Лев Годованник. Тайные гастроли. Ленинградская биография Владимира Высоцкого;N/A;12,00;12,00;EUR;Yes
Владимир Любаров. Праздник без повода. Книжка с картинками;N/A;18,00;18,00;EUR;Yes
Владимир Любаров. Страна Перемилово. Книжка с картинками;N/A;18,00;18,00;EUR;Yes
Семен Юшкевич. Еврейское счастье;N/A;10,00;10,00;EUR;Yes
Муслим Магомаев. Живут во мне воспоминания;N/A;12,00;12,00;EUR;Yes
Эдвард Радзинский. Цари. Романовы. История династии;N/A;22,00;22,00;EUR;Yes
Эдуард Асадов. Что такое счастье;N/A;8,00;8,00;EUR;Yes
Николай Гумилев. Далеко, далеко на озере Чад…;N/A;8,00;8,00;EUR;Yes
Поэзия Серебряного века;N/A;8,00;8,00;EUR;Yes
Гийом Аполлинер. Алкоголи;N/A;10,00;10,00;EUR;Yes
Оскар Уайльд. Избранное;N/A;14,00;14,00;EUR;Yes
Аркадий Инин, Наташа Павловская. Утесов. Песня длинною в жизнь;N/A;10,00;10,00;EUR;Yes
Валерий Сафошкин. Леонид Утесов;N/A;10,00;10,00;EUR;Yes
Александр Лукьянов. Александр Пушкин в любви;N/A;10,00;10,00;EUR;Yes
Саша Черный. Избранное;N/A;8,00;8,00;EUR;Yes
Алексей Щеглов. Раневская. Фрагменты жизни;N/A;12,00;12,00;EUR;No
Владимир Соловьев. Три еврея, или Утешение в слезах. Роман с эпиграфами;N/A;14,00;14,00;EUR;Yes
Эльфрида Елинек. Пианистка. Роман;N/A;10,00;10,00;EUR;Yes
Эльфрида Елинек. Перед закрытой дверью. Роман;N/A;10,00;10,00;EUR;Yes
Роальд Даль. Мой дядюшка Освальд;N/A;10,00;10,00;EUR;Yes
Джек Лондон. Сердца трех. Роман;N/A;18,00;18,00;EUR;Yes
Михаил Ширвиндт. Мемуары двоечника;N/A;8,00;8,00;EUR;Yes
Александр Ширвиндт. Schirwindt, стертый с лица земли. Книга воспоминаний;N/A;10,00;10,00;EUR;No
Леонид Утесов. С песней по жизни;N/A;14,00;14,00;EUR;Yes
Энтони Дорр. Весь невидимый нам свет;N/A;14,00;14,00;EUR;Yes
Лили Фейлер. Марина Цветаева;N/A;10,00;10,00;EUR;Yes
Изабелла Аллен-Фельдман. Раневская в домашних тапочках. Самый близкий человек вспоминает;N/A;12,00;12,00;EUR;Yes
Фредерик Бегбедер. Уна & Сэлинджер;N/A;12,00;12,00;EUR;Yes
Эрих Мария Ремарк. Три товарища. Роман;N/A;12,00;12,00;EUR;Yes
Владимир Голяховский. Еврейская сага. Книга третья. Крушение надежд;N/A;14,00;14,00;EUR;No
Владимир Голяховский. Еврейская сага. Книга вторая. Чаша страдания;N/A;14,00;14,00;EUR;Yes
Милан Кундера. Невыносимая легкость бытия. Роман;N/A;10,00;10,00;EUR;Yes
Эльфрида Елинек. Алчность. Роман;N/A;12,00;12,00;EUR;Yes
Даниэль Глаттауэр. Все семь волн. Роман;N/A;12,00;12,00;EUR;Yes
Эльфрида Елинек. Похоть. Роман;N/A;10,00;10,00;EUR;Yes
Уинстон Грум. Гамп и компания;N/A;8,00;8,00;EUR;Yes
Мо Янь. Большая грудь, широкий зад;N/A;14,00;14,00;EUR;Yes
Елизавета Бута. Моника Беллуччи. Искусство быть свободной;N/A;12,00;12,00;EUR;No
Даниэль Глаттауэр. Лучшее средство от северного ветра. Роман;N/A;12,00;12,00;EUR;Yes
Урсула Ле Гуин. Роканнон;N/A;14,00;14,00;EUR;Yes
"Генри Каттнер. ""Профессор накрылся!"" и прочие фантастические неприятности";N/A;16,00;16,00;EUR;Yes
Леон Верт. Сент-Экзюпери, каким я его знал…;N/A;12,00;12,00;EUR;Yes
Урсула Ле Гуин. Волшебник Земноморья;N/A;16,00;16,00;EUR;Yes
Дэниел Киз. Цветы для Элджернона;N/A;12,00;12,00;EUR;Yes
Станислав Ежи Лец. Почти всё. Непричесанные мысли;N/A;14,00;14,00;EUR;No
Райнер Мария Рильке, Борис Пастернак, Марина Цветаева. Письма 1926 года.;N/A;18,00;18,00;EUR;Yes
Урсула Ле Гуин. Четыре пути к прощению;N/A;26,00;26,00;EUR;Yes
Урсула Ле Гуин. Левая рука тьмы;N/A;26,00;26,00;EUR;Yes
Алексей Иванов. Блуда и МУДО (Новая редакция);N/A;14,00;14,00;EUR;Yes
Эдуард Лимонов. Последние дни Супермена;N/A;12,00;12,00;EUR;Yes
Эдуард Лимонов. История его слуги;N/A;12,00;12,00;EUR;Yes
Эдуард Лимонов. Смерть современных героев;N/A;12,00;12,00;EUR;Yes
Эдуард Лимонов. Девочка-зверь;N/A;12,00;12,00;EUR;Yes
Эдуард Лимонов. Палач;N/A;12,00;12,00;EUR;Yes
Клиффорд Саймак. Все ловушки Земли;N/A;24,00;24,00;EUR;Yes
Клиффорд Саймак. Ветер чужого мира;N/A;24,00;24,00;EUR;Yes
Клиффорд Саймак. Прелесть;N/A;24,00;24,00;EUR;Yes
Бернар Вербер. Звездная бабочка;N/A;12,00;12,00;EUR;Yes
Цена бессмертия. Наша старая добрая фантастика;N/A;18,00;18,00;EUR;Yes
Создан, чтобы летать. Наша старая добрая фантастика;N/A;18,00;18,00;EUR;Yes
Иное небо. Наша старая добрая фантастика;N/A;18,00;18,00;EUR;Yes
Орсон Скотт Кард. Игра Эндера. Говорящий от имени мертвых. Рассказы;N/A;18,00;18,00;EUR;Yes
Орсон Скотт Кард. Ксеноцид. Дети разума;N/A;18,00;18,00;EUR;Yes
Май Шеваль, Пер Валё. Запертая комната. Убийца полицейских. Террористы;N/A;14,00;14,00;EUR;Yes
Май Шеваль, Пер Валё. Розанна. Швед, который исчез. Человек на балконе. Рейс на эшафот;N/A;14,00;14,00;EUR;Yes
Дэн Симмонс. Сироты вечности;N/A;20,00;20,00;EUR;Yes
Эрих Мария Ремарк. Земля обетованная;N/A;12,00;12,00;EUR;Yes
Эрих Мария Ремарк. Приют грез. Гэм. Станция на горизонте;N/A;12,00;12,00;EUR;Yes
Эрих Мария Ремарк. Время жить и время умирать. Жизнь взаймы;N/A;12,00;12,00;EUR;Yes
Эрих Мария Ремарк. На Западном фронте без перемен. Возвращение;N/A;12,00;12,00;EUR;Yes
Марта Кетро. Бродячая женщина;N/A;8,00;8,00;EUR;Yes
Марта Кетро. Все девочки снежинки, а мальчики клоуны;N/A;8,00;8,00;EUR;Yes
Марта Кетро. Госпожа яблок;N/A;8,00;8,00;EUR;Yes
Марта Кетро. Чтобы сказать ему;N/A;8,00;8,00;EUR;Yes
Марта Кетро. Песни о жестокости женщин, мужском вероломстве и общечеловеческой слабости;N/A;8,00;8,00;EUR;Yes
Марта Кетро. Как сделать так, чтобы тебя любили (В Интернете);N/A;8,00;8,00;EUR;Yes
Валерий Золотухин. Таганский дневник. В 2-х книгах;N/A;16,00;16,00;EUR;Yes
Джек Лондон. Мятеж на Эльсиноре;N/A;12,00;12,00;EUR;Yes
Есенин глазами женщин. Антология;N/A;10,00;10,00;EUR;Yes
Анри Труайя. Екатерина Великая;N/A;10,00;10,00;EUR;No
Елена Прокофьева, Татьяна Умнова. Любовные драмы советских поэтов;N/A;8,00;8,00;EUR;Yes
Зиновий Юрьев. Предсказатель;N/A;10,00;10,00;EUR;Yes
Валерий Золотухин. Секрет Высоцкого. Дневниковая повесть;N/A;8,00;8,00;EUR;Yes
Игорь Губерман. Прогулки вокруг барака;N/A;10,00;10,00;EUR;Yes
Федор Раззаков. Владимир Высоцкий и Марина Влади. Бард и француженка;N/A;10,00;10,00;EUR;Yes
Юлия Друнина. Память сердца. Стихотворения;N/A;8,00;8,00;EUR;Yes
Эльдар Рязанов. Первая встреча - последняя встреча;N/A;12,00;12,00;EUR;Yes
Георгий Жженов. Прожитое;N/A;14,00;14,00;EUR;Yes
Эльдар Рязанов. Поговорим о странностях любви;N/A;12,00;12,00;EUR;Yes
Кир Булычев. Похищение чародея. Рассказы и повести;N/A;16,00;16,00;EUR;Yes
Леонид Филатов. Про Федота-стрельца, удалого молодца;N/A;8,00;8,00;EUR;Yes
Ирина Богушевская. Вновь ночи без сна. Стихи и песни о любви;N/A;8,00;8,00;EUR;Yes
Евгений Евтушенко. Стихи XXI века;N/A;8,00;8,00;EUR;Yes
Игорь Северянин. Лирика;N/A;6,00;6,00;EUR;Yes
Пьер Ришар. Как рыба без воды. Мемуары наизнанку;N/A;6,00;6,00;EUR;No
Марта Кетро. Лимоны и синицы;N/A;8,00;8,00;EUR;Yes
Марта Кетро. Умная, как цветок;N/A;8,00;8,00;EUR;Yes
Дмитрий Быков. Советская литература, краткий курс;N/A;14,00;14,00;EUR;Yes
Григорий Померанц. Следствие ведет каторжанка;N/A;14,00;14,00;EUR;No
Харуки Мураками. Хроники Заводной Птицы. Роман;N/A;20,00;20,00;EUR;No
Джон Фаулз. Коллекционер. Мантисса;N/A;12,00;12,00;EUR;Yes
Кобо Абэ. Тайное свидание. Вошедшие в ковчег;N/A;12,00;12,00;EUR;Yes
Бернар Вербер. Танатонавты;N/A;12,00;12,00;EUR;No
Бернар Вербер. Империя ангелов;N/A;12,00;12,00;EUR;Yes
Бернар Вербер. Смех Циклопа;N/A;12,00;12,00;EUR;Yes
Бернар Вербер. Ящик Пандоры;N/A;12,00;12,00;EUR;Yes
Бернар Вербер. Дыхание богов;N/A;12,00;12,00;EUR;Yes
Бернар Вербер. Завтрашний день кошки;N/A;12,00;12,00;EUR;Yes
Джек Майер. Храброе сердце Ирены Сендлер;N/A;14,00;14,00;EUR;Yes
Стейси Шифф. Вера (Миссис Владимир Набоков);N/A;16,00;16,00;EUR;Yes
Дональд Спото. Мэрилин Монро;N/A;16,00;16,00;EUR;Yes
Генрих Падва. От сумы и от тюрьмы… Записки адвоката;N/A;16,00;16,00;EUR;Yes
Георгий Данелия. Кот ушел, а улыбка осталась;N/A;12,00;12,00;EUR;Yes
Георгий Данелия. Кошмар на цыпочках;N/A;16,00;16,00;EUR;Yes
Джорджия Хантер. День, когда мы были счастливы;N/A;12,00;12,00;EUR;Yes
Дина Рубина. Синдикат. Роман-комикс;N/A;14,00;14,00;EUR;Yes
Мо Янь. Страна вина. Роман;N/A;14,00;14,00;EUR;Yes
Анна Гавальда. Просто вместе. Роман;N/A;12,00;12,00;EUR;Yes
Джек Керуак. Ангелы Опустошения;N/A;12,00;12,00;EUR;Yes
Алексей Щеглов. Фаина Раневская. Вся жизнь;N/A;12,00;12,00;EUR;Yes
Дэни И. Бехард. Варварская любовь;N/A;10,00;10,00;EUR;Yes
Роберт Ладлэм. Наследство Скарлатти. Близнецы-соперники;N/A;12,00;12,00;EUR;Yes
Тед Морган. Сомерсет Моэм. Биография;N/A;14,00;14,00;EUR;Yes
Гийом Мюссо. Девушка и ночь;N/A;12,00;12,00;EUR;Yes
Гийом Мюссо. Девушка из Бруклина;N/A;12,00;12,00;EUR;Yes
Карел Чапек. Война с саламандрами;N/A;14,00;14,00;EUR;Yes
Анаис Нин. Дневник 1931-1934 гг. Рассказы;N/A;14,00;14,00;EUR;Yes
Анатолий Гладилин. Репетиция в пятницу;N/A;12,00;12,00;EUR;Yes
Виктор Ерофеев. Русские цветы зла. Антология;N/A;14,00;14,00;EUR;Yes
Артуро Перес-Реверте. Фалько;N/A;10,00;10,00;EUR;Yes
Живой Есенин. Антология;N/A;14,00;14,00;EUR;Yes
Шимун Врочек, Юрий Некрасов. Золотая пуля;N/A;10,00;10,00;EUR;Yes
Михаэль Юрис. Герой в силу обстоятельств;N/A;12,00;12,00;EUR;Yes
Мишель Нюридсани. Сальвадор Дали. Серия ЖЗЛ;N/A;14,00;14,00;EUR;Yes
Леонид Финкель. Все лучшее в жизни либо незаконно, либо аморально, либо ведет к ожирению;N/A;12,00;12,00;EUR;Yes
Борис Васильев. Отрицание отрицания. Роман;N/A;10,00;10,00;EUR;Yes
Василий Аксёнов. Москва Ква-Ква;N/A;12,00;12,00;EUR;Yes
Януш Леон Вишневский, Ирада Вовненко. Любовь и другие диссонансы;N/A;12,00;12,00;EUR;Yes
Туве Янссон. Летняя книга;N/A;16,00;16,00;EUR;No
Александр Дюма. Три мушкетера;N/A;42,00;42,00;EUR;Yes
Кир Булычев. Излучатель доброты. Сыщик Алиса. Планета для тиранов. Иллюстрации Евгения Мигунова;N/A;22,00;22,00;EUR;Yes
Кир Булычев. Война с лилипутами. Иллюстрации Евгения Мигунова;N/A;22,00;22,00;EUR;Yes
Януш Корчак. Всё о короле Матиуше и Кайтусе-чародее;N/A;18,00;18,00;EUR;Yes
Василий Аксёнов. Кесарево свечение. Роман;N/A;14,00;14,00;EUR;No
Владимир Орлов. Истощение времени;N/A;12,00;12,00;EUR;Yes
Александр Ширвиндт. В промежутках между;N/A;22,00;22,00;EUR;Yes
Валерий Шубинский. Азеф. Серия ЖЗЛ;N/A;14,00;14,00;EUR;Yes
Лаура Адлер. Повседневная жизнь публичных домов во времена Мопассана и Золя;N/A;12,00;12,00;EUR;Yes
Владимир Бондаренко. Лермонтов. Мистический гений. Серия ЖЗЛ;N/A;12,00;12,00;EUR;Yes
Геннадий Шпаликов. Я шагаю по Москве;N/A;14,00;14,00;EUR;Yes
Александр Кабаков. Зона обстрела;N/A;12,00;12,00;EUR;Yes
Алексей Сальников. Петровы в гриппе и вокруг него;N/A;12,00;12,00;EUR;Yes
Татьяна Толстая. Река Оккервиль. Сборник рассказов;N/A;12,00;12,00;EUR;Yes
Орхан Памук. Меня зовут красный. Роман;N/A;12,00;12,00;EUR;Yes
Клод Давид. Франц Кафка. Серия ЖЗЛ;N/A;14,00;14,00;EUR;Yes
Ольга Семенова. Юлиан Семенов. Серия ЖЗЛ;N/A;14,00;14,00;EUR;Yes
Макс Фрай. Сказки Старого Вильнюса V;N/A;12,00;12,00;EUR;Yes
Макс Фрай. Сказки Старого Вильнюса VI;N/A;12,00;12,00;EUR;Yes
Макс Фрай. Сказки Старого Вильнюса IV;N/A;12,00;12,00;EUR;Yes
Макс Фрай. Сказки Старого Вильнюса VII;N/A;12,00;12,00;EUR;Yes
Макс Фрай. Сказки старого Вильнюса - 3;N/A;12,00;12,00;EUR;Yes
Макс Фрай. Сказки старого Вильнюса - 1;N/A;12,00;12,00;EUR;Yes
Макс Фрай. Сказки старого Вильнюса - 2;N/A;12,00;12,00;EUR;Yes
Лью Уоллес. Бен-Гур;N/A;10,00;10,00;EUR;Yes
Рэй Брэдбери. Зеленые тени, Белый Кит;N/A;10,00;10,00;EUR;Yes
Рэй Брэдбери. Голливудская трилогия;N/A;12,00;12,00;EUR;Yes
Рэй Брэдбери. 451' по Фаренгейту. Механизмы радости. Сборник рассказов;N/A;10,00;10,00;EUR;Yes
Рэй Брэдбери. Вино из одуванчиков;N/A;12,00;12,00;EUR;Yes
Урсула Ле Гуин. Роза ветров;N/A;12,00;12,00;EUR;Yes
Гарри Гаррисон. Билл - Герой Галактики;N/A;12,00;12,00;EUR;Yes
Иван Краско. Байки. И не только. Актерская книга;N/A;14,00;14,00;EUR;Yes
Валентин Гафт. Красные фонари. Актерская книга;N/A;14,00;14,00;EUR;Yes
Елена Чижова. Полукровка. Роман;N/A;10,00;10,00;EUR;Yes
Фриц Лейбер. Корабль отплывает в полночь;N/A;14,00;14,00;EUR;Yes
Сергей Павлов. Лунная радуга;N/A;14,00;14,00;EUR;Yes
Эдгар Райс Берроуз. Принцесса Марса. Боги Марса. Владыка Марса;N/A;14,00;14,00;EUR;Yes
Владислав Крапивин. Золотое колечко на границе тьмы;N/A;10,00;10,00;EUR;Yes
Кир Булычев. Подземелье ведьм;N/A;10,00;10,00;EUR;Yes
Светлана Беляева. Семейная сага фантаста Беляева;N/A;14,00;14,00;EUR;Yes
Шолом-Алейхем. Кровавая шутка. Роман;N/A;16,00;16,00;EUR;Yes
Роберт Хайнлайн. Чужак в чужой стране;N/A;14,00;14,00;EUR;Yes
Кейт Лаумер. Звездные мошенники;N/A;14,00;14,00;EUR;Yes
Урсула Ле Гуин. Сказания Земноморья. Романы, повести, рассказы;N/A;16,00;16,00;EUR;Yes
Джеймс Типтри-мл. Счастье - это теплый звездолет. Рассказы, повести;N/A;14,00;14,00;EUR;Yes
Илья Варшавский. Тревожных симптомов нет / Север Гансовский. День гнева;N/A;14,00;14,00;EUR;Yes
Райнхард Крумм. Исаак Бабель. Биография;N/A;12,00;12,00;EUR;Yes
Василий Катанян. Прикосновение к идолам;N/A;12,00;12,00;EUR;Yes
Четыре вечера с Владимиром Высоцким;N/A;12,00;12,00;EUR;Yes
Леонид Филатов, Валентин Гафт. Жизнь - Театр;N/A;12,00;12,00;EUR;Yes
Настя Рогатко. Носи с собой;N/A;23,00;23,00;EUR;Yes
Владимир Сорокин. Пир;N/A;18,00;18,00;EUR;No
Василий Катанян. Лиля Брик. Жизнь;N/A;12,00;12,00;EUR;Yes
Дмитрий Быков. Булат Окуджава. Серия ЖЗЛ;N/A;24,00;24,00;EUR;No
Дмитрий Быков. Квартал. Прохождение;N/A;14,00;14,00;EUR;No
Илья Ильф, Евгений Петров. 12 стульев;N/A;34,00;34,00;EUR;Yes
Илья Ильф, Евгений Петров. Золотой теленок;N/A;32,00;32,00;EUR;Yes
Илья Ильф, Евгений Петров. Двенадцать стульев. Золотой теленок. История города Колоколамска;N/A;24,00;24,00;EUR;Yes
Александр Дюма. Учитель фехтования;N/A;24,00;24,00;EUR;Yes
Адам Гидвиц. Рассказ инквизитора, или Трое удивительных детей и их святая собака;N/A;12,00;12,00;EUR;Yes
Рафаэль Сабатини. Одиссея капитана Блада;N/A;22,00;22,00;EUR;No
Василий Шукшин. Калина красная. Рассказы;N/A;28,00;28,00;EUR;Yes
Чингиз Айтматов. Белый пароход;N/A;28,00;28,00;EUR;Yes
